Workbook

Sheet Data
A1: ts | B1: board_id | C1: color | D1: run_id | E1: volt_set | F1: volt_meas | G1: intensity | H1: kick_pc | I1: kick_ms | J1: phase | K1: measured | L1: skip_reason | M1: t_on_ms | N1: t_rising_ms | O1: t_dead_ms | P1: on_ms | Q1: en2_ms | R1: flash | S1: peak_mA | T1: settled_mA | U1: ldr_settled_V | V1: valid | W1: error | X1: pass | Y1: fail_reason | Z1: on_min | AA1: flash_max | AB1: current_min
A2: 2026-09-24 12:07:58 | B2: MLLB_000_y1.0.3 | C2: WHITE | D2: v4_white_MLLB_000_y103_0924 | E2: 4.2 | F2: 4.2 | G2: 6 | H2: 100 | I2: 12 | J2: kaba | K2: TRUE | M2: 198 | N2: 50 | O2: 170 | P2: 804 | Q2: 1002 | R2: 1.096 | S2: 10.536 | T2: 9.617 | U2: 0.778 | V2: TRUE | X2: FALSE | Y2: ON | Z2: 935 | AA2: 2.5 | AB2: 9.5
A3: 2026-09-24 12:08:14 | B3: MLLB_000_y1.0.3 | C3: WHITE | D3: v4_white_MLLB_000_y103_0924 | E3: 4.2 | F3: 4.2 | G3: 6 | H3: 100 | I3: 16 | J3: kaba | K3: TRUE | M3: 112 | N3: 48 | O3: 84 | P3: 890 | Q3: 1002 | R3: 1.092 | S3: 10.508 | T3: 9.623 | U3: 0.7781 | V3: TRUE | X3: FALSE | Y3: ON | Z3: 935 | AA3: 2.5 | AB3: 9.5
A4: 2026-09-24 12:08:30 | B4: MLLB_000_y1.0.3 | C4: WHITE | D4: v4_white_MLLB_000_y103_0924 | E4: 4.2 | F4: 4.2 | G4: 6 | H4: 100 | I4: 20 | J4: kaba | K4: TRUE | M4: 28 | N4: 30 | O4: 8 | P4: 974 | Q4: 1002 | R4: 1.09 | S4: 10.511 | T4: 9.646 | U4: 0.7779 | V4: TRUE | X4: TRUE | Z4: 935 | AA4: 2.5 | AB4: 9.5
A5: 2026-09-24 12:08:46 | B5: MLLB_000_y1.0.3 | C5: WHITE | D5: v4_white_MLLB_000_y103_0924 | E5: 4.2 | F5: 4.2 | G5: 6 | H5: 100 | I5: 24 | J5: kaba | K5: TRUE | M5: 28 | N5: 32 | O5: 6 | P5: 974 | Q5: 1002 | R5: 8.335 | S5: 80.543 | T5: 9.663 | U5: 0.7782 | V5: TRUE | X5: FALSE | Y5: FLAS | Z5: 935 | AA5: 2.5 | AB5: 9.5
A6: 2026-09-24 12:09:02 | B6: MLLB_000_y1.0.3 | C6: WHITE | D6: v4_white_MLLB_000_y103_0924 | E6: 4.2 | F6: 4.2 | G6: 6 | H6: 100 | I6: 17 | J6: ince | K6: TRUE | M6: 90 | N6: 50 | O6: 62 | P6: 912 | Q6: 1002 | R6: 1.098 | S6: 10.6 | T6: 9.65 | U6: 0.778 | V6: TRUE | X6: FALSE | Y6: ON | Z6: 935 | AA6: 2.5 | AB6: 9.5
A7: 2026-09-24 12:09:18 | B7: MLLB_000_y1.0.3 | C7: WHITE | D7: v4_white_MLLB_000_y103_0924 | E7: 4.2 | F7: 4.2 | G7: 6 | H7: 100 | I7: 18 | J7: ince | K7: TRUE | M7: 66 | N7: 50 | O7: 38 | P7: 936 | Q7: 1002 | R7: 1.091 | S7: 10.524 | T7: 9.65 | U7: 0.7777 | V7: TRUE | X7: TRUE | Z7: 935 | AA7: 2.5 | AB7: 9.5
A8: 2026-09-24 12:09:34 | B8: MLLB_000_y1.0.3 | C8: WHITE | D8: v4_white_MLLB_000_y103_0924 | E8: 4.2 | F8: 4.2 | G8: 6 | H8: 100 | I8: 19 | J8: ince | K8: TRUE | M8: 44 | N8: 48 | O8: 14 | P8: 958 | Q8: 1002 | R8: 1.1 | S8: 10.6 | T8: 9.634 | U8: 0.7772 | V8: TRUE | X8: TRUE | Z8: 935 | AA8: 2.5 | AB8: 9.5
A9: 2026-09-24 12:09:50 | B9: MLLB_000_y1.0.3 | C9: WHITE | D9: v4_white_MLLB_000_y103_0924 | E9: 4.2 | F9: 4.2 | G9: 6 | H9: 100 | I9: 21 | J9: ince | K9: TRUE | M9: 28 | N9: 32 | O9: 6 | P9: 974 | Q9: 1002 | R9: 2.471 | S9: 23.808 | T9: 9.636 | U9: 0.7783 | V9: TRUE | X9: TRUE | Z9: 935 | AA9: 2.5 | AB9: 9.5
A10: 2026-09-24 12:10:06 | B10: MLLB_000_y1.0.3 | C10: WHITE | D10: v4_white_MLLB_000_y103_0924 | E10: 4.2 | F10: 4.2 | G10: 6 | H10: 100 | I10: 22 | J10: ince | K10: TRUE | M10: 28 | N10: 32 | O10: 6 | P10: 974 | Q10: 1002 | R10: 4.486 | S10: 43.213 | T10: 9.634 | U10: 0.7781 | V10: TRUE | X10: FALSE | Y10: FLAS | Z10: 935 | AA10: 2.5 | AB10: 9.5
A11: 2026-09-24 12:10:22 | B11: MLLB_000_y1.0.3 | C11: WHITE | D11: v4_white_MLLB_000_y103_0924 | E11: 4.2 | F11: 4.2 | G11: 6 | H11: 100 | I11: 23 | J11: ince | K11: TRUE | M11: 26 | N11: 32 | O11: 6 | P11: 976 | Q11: 1002 | R11: 6.409 | S11: 61.756 | T11: 9.636 | U11: 0.7777 | V11: TRUE | X11: FALSE | Y11: FLAS | Z11: 935 | AA11: 2.5 | AB11: 9.5
A12: 2026-09-24 12:10:22 | B12: MLLB_000_y1.0.3 | C12: WHITE | D12: v4_white_MLLB_000_y103_0924 | E12: 4.2 | F12: 4.2 | G12: 6 | H12: 100 | J12: bitti | K12: FALSE | Z12: 935 | AA12: 2.5 | AB12: 9.5
A13: 2026-09-24 12:10:38 | B13: MLLB_000_y1.0.3 | C13: WHITE | D13: v4_white_MLLB_000_y103_0924 | E13: 4.2 | F13: 4.2 | G13: 6 | H13: 80 | I13: 12 | J13: kaba | K13: TRUE | M13: 240 | N13: 44 | O13: 214 | P13: 762 | Q13: 1002 | R13: 1.104 | S13: 10.553 | T13: 9.555 | U13: 0.7774 | V13: TRUE | X13: FALSE | Y13: ON | Z13: 935 | AA13: 2.5 | AB13: 9.5
A14: 2026-09-24 12:10:54 | B14: MLLB_000_y1.0.3 | C14: WHITE | D14: v4_white_MLLB_000_y103_0924 | E14: 4.2 | F14: 4.2 | G14: 6 | H14: 80 | I14: 16 | J14: kaba | K14: TRUE | M14: 170 | N14: 50 | O14: 142 | P14: 832 | Q14: 1002 | R14: 1.095 | S14: 10.514 | T14: 9.599 | U14: 0.7783 | V14: TRUE | X14: FALSE | Y14: ON | Z14: 935 | AA14: 2.5 | AB14: 9.5
A15: 2026-09-24 12:11:10 | B15: MLLB_000_y1.0.3 | C15: WHITE | D15: v4_white_MLLB_000_y103_0924 | E15: 4.2 | F15: 4.2 | G15: 6 | H15: 80 | I15: 20 | J15: kaba | K15: TRUE | M15: 100 | N15: 48 | O15: 72 | P15: 902 | Q15: 1002 | R15: 1.093 | S15: 10.533 | T15: 9.641 | U15: 0.7773 | V15: TRUE | X15: FALSE | Y15: ON | Z15: 935 | AA15: 2.5 | AB15: 9.5
A16: 2026-09-24 12:11:26 | B16: MLLB_000_y1.0.3 | C16: WHITE | D16: v4_white_MLLB_000_y103_0924 | E16: 4.2 | F16: 4.2 | G16: 6 | H16: 80 | I16: 24 | J16: kaba | K16: TRUE | M16: 30 | N16: 32 | O16: 10 | P16: 972 | Q16: 1002 | R16: 1.099 | S16: 10.6 | T16: 9.645 | U16: 0.7778 | V16: TRUE | X16: TRUE | Z16: 935 | AA16: 2.5 | AB16: 9.5
A17: 2026-09-24 12:11:42 | B17: MLLB_000_y1.0.3 | C17: WHITE | D17: v4_white_MLLB_000_y103_0924 | E17: 4.2 | F17: 4.2 | G17: 6 | H17: 80 | I17: 28 | J17: kaba | K17: TRUE | M17: 30 | N17: 32 | O17: 10 | P17: 972 | Q17: 1002 | R17: 6.427 | S17: 61.927 | T17: 9.636 | U17: 0.7779 | V17: TRUE | X17: FALSE | Y17: FLAS | Z17: 935 | AA17: 2.5 | AB17: 9.5
A18: 2026-09-24 12:11:58 | B18: MLLB_000_y1.0.3 | C18: WHITE | D18: v4_white_MLLB_000_y103_0924 | E18: 4.2 | F18: 4.2 | G18: 6 | H18: 80 | I18: 21 | J18: ince | K18: TRUE | M18: 82 | N18: 44 | O18: 54 | P18: 920 | Q18: 1002 | R18: 1.094 | S18: 10.554 | T18: 9.648 | U18: 0.7775 | V18: TRUE | X18: FALSE | Y18: ON | Z18: 935 | AA18: 2.5 | AB18: 9.5
A19: 2026-09-24 12:12:14 | B19: MLLB_000_y1.0.3 | C19: WHITE | D19: v4_white_MLLB_000_y103_0924 | E19: 4.2 | F19: 4.2 | G19: 6 | H19: 80 | I19: 22 | J19: ince | K19: TRUE | M19: 64 | N19: 50 | O19: 34 | P19: 938 | Q19: 1002 | R19: 1.091 | S19: 10.511 | T19: 9.632 | U19: 0.7772 | V19: TRUE | X19: TRUE | Z19: 935 | AA19: 2.5 | AB19: 9.5
A20: 2026-09-24 12:12:30 | B20: MLLB_000_y1.0.3 | C20: WHITE | D20: v4_white_MLLB_000_y103_0924 | E20: 4.2 | F20: 4.2 | G20: 6 | H20: 80 | I20: 23 | J20: ince | K20: TRUE | M20: 42 | N20: 50 | O20: 14 | P20: 960 | Q20: 1002 | R20: 1.093 | S20: 10.524 | T20: 9.632 | U20: 0.7771 | V20: TRUE | X20: TRUE | Z20: 935 | AA20: 2.5 | AB20: 9.5
A21: 2026-09-24 12:12:46 | B21: MLLB_000_y1.0.3 | C21: WHITE | D21: v4_white_MLLB_000_y103_0924 | E21: 4.2 | F21: 4.2 | G21: 6 | H21: 80 | I21: 25 | J21: ince | K21: TRUE | M21: 32 | N21: 30 | O21: 12 | P21: 970 | Q21: 1002 | R21: 2.044 | S21: 19.692 | T21: 9.632 | U21: 0.7772 | V21: TRUE | X21: TRUE | Z21: 935 | AA21: 2.5 | AB21: 9.5
A22: 2026-09-24 12:13:02 | B22: MLLB_000_y1.0.3 | C22: WHITE | D22: v4_white_MLLB_000_y103_0924 | E22: 4.2 | F22: 4.2 | G22: 6 | H22: 80 | I22: 26 | J22: ince | K22: TRUE | M22: 30 | N22: 32 | O22: 10 | P22: 972 | Q22: 1002 | R22: 3.508 | S22: 33.814 | T22: 9.64 | U22: 0.7774 | V22: TRUE | X22: FALSE | Y22: FLAS | Z22: 935 | AA22: 2.5 | AB22: 9.5
A23: 2026-09-24 12:13:18 | B23: MLLB_000_y1.0.3 | C23: WHITE | D23: v4_white_MLLB_000_y103_0924 | E23: 4.2 | F23: 4.2 | G23: 6 | H23: 80 | I23: 27 | J23: ince | K23: TRUE | M23: 30 | N23: 32 | O23: 10 | P23: 972 | Q23: 1002 | R23: 5.031 | S23: 48.565 | T23: 9.653 | U23: 0.7775 | V23: TRUE | X23: FALSE | Y23: FLAS | Z23: 935 | AA23: 2.5 | AB23: 9.5
A24: 2026-09-24 12:13:18 | B24: MLLB_000_y1.0.3 | C24: WHITE | D24: v4_white_MLLB_000_y103_0924 | E24: 4.2 | F24: 4.2 | G24: 6 | H24: 80 | J24: bitti | K24: FALSE | Z24: 935 | AA24: 2.5 | AB24: 9.5
A25: 2026-09-24 12:13:34 | B25: MLLB_000_y1.0.3 | C25: WHITE | D25: v4_white_MLLB_000_y103_0924 | E25: 4.2 | F25: 4.2 | G25: 6 | H25: 60 | I25: 12 | J25: kaba | K25: TRUE | M25: 286 | N25: 50 | O25: 258 | P25: 716 | Q25: 1002 | R25: 1.103 | S25: 10.508 | T25: 9.526 | U25: 0.7772 | V25: TRUE | X25: FALSE | Y25: ON | Z25: 935 | AA25: 2.5 | AB25: 9.5
A26: 2026-09-24 12:13:50 | B26: MLLB_000_y1.0.3 | C26: WHITE | D26: v4_white_MLLB_000_y103_0924 | E26: 4.2 | F26: 4.2 | G26: 6 | H26: 60 | I26: 16 | J26: kaba | K26: TRUE | M26: 236 | N26: 50 | O26: 206 | P26: 766 | Q26: 1002 | R26: 1.1 | S26: 10.508 | T26: 9.553 | U26: 0.7778 | V26: TRUE | X26: FALSE | Y26: ON | Z26: 935 | AA26: 2.5 | AB26: 9.5
A27: 2026-09-24 12:14:02 | B27: MLLB_000_y1.0.3 | C27: WHITE | D27: v4_white_MLLB_000_y103_0924 | E27: 4.2 | F27: 4.2 | G27: 6 | H27: 60 | I27: 20 | J27: kaba | K27: TRUE | M27: 184 | N27: 44 | O27: 158 | P27: 818 | Q27: 1002 | R27: 1.099 | S27: 10.531 | T27: 9.585 | U27: 0.7774 | V27: TRUE | X27: FALSE | Y27: ON | Z27: 935 | AA27: 2.5 | AB27: 9.5
A28: 2026-09-24 12:14:18 | B28: MLLB_000_y1.0.3 | C28: WHITE | D28: v4_white_MLLB_000_y103_0924 | E28: 4.2 | F28: 4.2 | G28: 6 | H28: 60 | I28: 24 | J28: kaba | K28: TRUE | M28: 132 | N28: 44 | O28: 106 | P28: 870 | Q28: 1002 | R28: 1.103 | S28: 10.6 | T28: 9.61 | U28: 0.7778 | V28: TRUE | X28: FALSE | Y28: ON | Z28: 935 | AA28: 2.5 | AB28: 9.5
A29: 2026-09-24 12:14:34 | B29: MLLB_000_y1.0.3 | C29: WHITE | D29: v4_white_MLLB_000_y103_0924 | E29: 4.2 | F29: 4.2 | G29: 6 | H29: 60 | I29: 28 | J29: kaba | K29: TRUE | M29: 80 | N29: 50 | O29: 50 | P29: 922 | Q29: 1002 | R29: 1.089 | S29: 10.508 | T29: 9.646 | U29: 0.7779 | V29: TRUE | X29: FALSE | Y29: ON | Z29: 935 | AA29: 2.5 | AB29: 9.5
A30: 2026-09-24 12:14:46 | B30: MLLB_000_y1.0.3 | C30: WHITE | D30: v4_white_MLLB_000_y103_0924 | E30: 4.2 | F30: 4.2 | G30: 6 | H30: 60 | I30: 32 | J30: kaba | K30: TRUE | M30: 38 | N30: 28 | O30: 18 | P30: 964 | Q30: 1002 | R30: 1.245 | S30: 12.001 | T30: 9.643 | U30: 0.7775 | V30: TRUE | X30: TRUE | Z30: 935 | AA30: 2.5 | AB30: 9.5
A31: 2026-09-24 12:15:02 | B31: MLLB_000_y1.0.3 | C31: WHITE | D31: v4_white_MLLB_000_y103_0924 | E31: 4.2 | F31: 4.2 | G31: 6 | H31: 60 | I31: 36 | J31: kaba | K31: TRUE | M31: 38 | N31: 28 | O31: 18 | P31: 964 | Q31: 1002 | R31: 5.309 | S31: 51.139 | T31: 9.632 | U31: 0.7782 | V31: TRUE | X31: FALSE | Y31: FLAS | Z31: 935 | AA31: 2.5 | AB31: 9.5
A32: 2026-09-24 12:15:18 | B32: MLLB_000_y1.0.3 | C32: WHITE | D32: v4_white_MLLB_000_y103_0924 | E32: 4.2 | F32: 4.2 | G32: 6 | H32: 60 | I32: 40 | J32: kaba | K32: TRUE | M32: 38 | N32: 28 | O32: 18 | P32: 964 | Q32: 1002 | R32: 8.569 | S32: 82.652 | T32: 9.645 | U32: 0.7775 | V32: TRUE | X32: FALSE | Y32: FLAS | Z32: 935 | AA32: 2.5 | AB32: 9.5
A33: 2026-09-24 12:15:34 | B33: MLLB_000_y1.0.3 | C33: WHITE | D33: v4_white_MLLB_000_y103_0924 | E33: 4.2 | F33: 4.2 | G33: 6 | H33: 60 | I33: 29 | J33: ince | K33: TRUE | M33: 66 | N33: 50 | O33: 38 | P33: 936 | Q33: 1002 | R33: 1.1 | S33: 10.6 | T33: 9.639 | U33: 0.7777 | V33: TRUE | X33: TRUE | Z33: 935 | AA33: 2.5 | AB33: 9.5
A34: 2026-09-24 12:15:50 | B34: MLLB_000_y1.0.3 | C34: WHITE | D34: v4_white_MLLB_000_y103_0924 | E34: 4.2 | F34: 4.2 | G34: 6 | H34: 60 | I34: 30 | J34: ince | K34: TRUE | M34: 52 | N34: 46 | O34: 24 | P34: 950 | Q34: 1002 | R34: 1.091 | S34: 10.508 | T34: 9.633 | U34: 0.7784 | V34: TRUE | X34: TRUE | Z34: 935 | AA34: 2.5 | AB34: 9.5
A35: 2026-09-24 12:16:06 | B35: MLLB_000_y1.0.3 | C35: WHITE | D35: v4_white_MLLB_000_y103_0924 | E35: 4.2 | F35: 4.2 | G35: 6 | H35: 60 | I35: 31 | J35: ince | K35: TRUE | M35: 38 | N35: 38 | O35: 18 | P35: 964 | Q35: 1002 | R35: 1.094 | S35: 10.58 | T35: 9.673 | U35: 0.7778 | V35: TRUE | X35: TRUE | Z35: 935 | AA35: 2.5 | AB35: 9.5
A36: 2026-09-24 12:16:22 | B36: MLLB_000_y1.0.3 | C36: WHITE | D36: v4_white_MLLB_000_y103_0924 | E36: 4.2 | F36: 4.2 | G36: 6 | H36: 60 | I36: 33 | J36: ince | K36: TRUE | M36: 38 | N36: 28 | O36: 18 | P36: 964 | Q36: 1002 | R36: 2.158 | S36: 20.807 | T36: 9.642 | U36: 0.778 | V36: TRUE | X36: TRUE | Z36: 935 | AA36: 2.5 | AB36: 9.5
A37: 2026-09-24 12:16:38 | B37: MLLB_000_y1.0.3 | C37: WHITE | D37: v4_white_MLLB_000_y103_0924 | E37: 4.2 | F37: 4.2 | G37: 6 | H37: 60 | I37: 34 | J37: ince | K37: TRUE | M37: 38 | N37: 28 | O37: 18 | P37: 964 | Q37: 1002 | R37: 3.235 | S37: 31.22 | T37: 9.65 | U37: 0.7776 | V37: TRUE | X37: FALSE | Y37: FLAS | Z37: 935 | AA37: 2.5 | AB37: 9.5
A38: 2026-09-24 12:16:54 | B38: MLLB_000_y1.0.3 | C38: WHITE | D38: v4_white_MLLB_000_y103_0924 | E38: 4.2 | F38: 4.2 | G38: 6 | H38: 60 | I38: 35 | J38: ince | K38: TRUE | M38: 38 | N38: 28 | O38: 18 | P38: 964 | Q38: 1002 | R38: 4.32 | S38: 41.56 | T38: 9.62 | U38: 0.7776 | V38: TRUE | X38: FALSE | Y38: FLAS | Z38: 935 | AA38: 2.5 | AB38: 9.5
A39: 2026-09-24 12:16:54 | B39: MLLB_000_y1.0.3 | C39: WHITE | D39: v4_white_MLLB_000_y103_0924 | E39: 4.2 | F39: 4.2 | G39: 6 | H39: 60 | J39: bitti | K39: FALSE | Z39: 935 | AA39: 2.5 | AB39: 9.5
A40: 2026-09-24 12:17:28 | B40: MLLB_000_y1.0.3 | C40: WHITE | D40: v4_white_MLLB_000_y103_0924 | E40: 4.2 | F40: 4.2 | G40: 7 | H40: 100 | I40: 12 | J40: kaba | K40: TRUE | M40: 162 | N40: 40 | O40: 138 | P40: 840 | Q40: 1002 | R40: 1.095 | S40: 12.995 | T40: 11.865 | U40: 0.778 | V40: TRUE | X40: FALSE | Y40: ON | Z40: 935 | AA40: 2.5 | AB40: 9.5
A41: 2026-09-24 12:17:44 | B41: MLLB_000_y1.0.3 | C41: WHITE | D41: v4_white_MLLB_000_y103_0924 | E41: 4.2 | F41: 4.2 | G41: 7 | H41: 100 | I41: 16 | J41: kaba | K41: TRUE | M41: 92 | N41: 44 | O41: 68 | P41: 910 | Q41: 1002 | R41: 1.092 | S41: 12.995 | T41: 11.9 | U41: 0.7787 | V41: TRUE | X41: FALSE | Y41: ON | Z41: 935 | AA41: 2.5 | AB41: 9.5
A42: 2026-09-24 12:18:00 | B42: MLLB_000_y1.0.3 | C42: WHITE | D42: v4_white_MLLB_000_y103_0924 | E42: 4.2 | F42: 4.2 | G42: 7 | H42: 100 | I42: 20 | J42: kaba | K42: TRUE | M42: 28 | N42: 32 | O42: 6 | P42: 974 | Q42: 1002 | R42: 1.084 | S42: 12.929 | T42: 11.928 | U42: 0.7779 | V42: TRUE | X42: TRUE | Z42: 935 | AA42: 2.5 | AB42: 9.5
A43: 2026-09-24 12:18:16 | B43: MLLB_000_y1.0.3 | C43: WHITE | D43: v4_white_MLLB_000_y103_0924 | E43: 4.2 | F43: 4.2 | G43: 7 | H43: 100 | I43: 24 | J43: kaba | K43: TRUE | M43: 28 | N43: 32 | O43: 6 | P43: 974 | Q43: 1002 | R43: 6.925 | S43: 82.652 | T43: 11.935 | U43: 0.7778 | V43: TRUE | X43: FALSE | Y43: FLAS | Z43: 935 | AA43: 2.5 | AB43: 9.5
A44: 2026-09-24 12:18:32 | B44: MLLB_000_y1.0.3 | C44: WHITE | D44: v4_white_MLLB_000_y103_0924 | E44: 4.2 | F44: 4.2 | G44: 7 | H44: 100 | I44: 17 | J44: ince | K44: TRUE | M44: 76 | N44: 40 | O44: 50 | P44: 926 | Q44: 1002 | R44: 1.088 | S44: 12.995 | T44: 11.949 | U44: 0.7778 | V44: TRUE | X44: FALSE | Y44: ON | Z44: 935 | AA44: 2.5 | AB44: 9.5
A45: 2026-09-24 12:18:48 | B45: MLLB_000_y1.0.3 | C45: WHITE | D45: v4_white_MLLB_000_y103_0924 | E45: 4.2 | F45: 4.2 | G45: 7 | H45: 100 | I45: 18 | J45: ince | K45: TRUE | M45: 58 | N45: 42 | O45: 32 | P45: 944 | Q45: 1002 | R45: 1.09 | S45: 12.995 | T45: 11.927 | U45: 0.7778 | V45: TRUE | X45: TRUE | Z45: 935 | AA45: 2.5 | AB45: 9.5
A46: 2026-09-24 12:19:04 | B46: MLLB_000_y1.0.3 | C46: WHITE | D46: v4_white_MLLB_000_y103_0924 | E46: 4.2 | F46: 4.2 | G46: 7 | H46: 100 | I46: 19 | J46: ince | K46: TRUE | M46: 38 | N46: 40 | O46: 14 | P46: 964 | Q46: 1002 | R46: 1.084 | S46: 12.905 | T46: 11.901 | U46: 0.7773 | V46: TRUE | X46: TRUE | Z46: 935 | AA46: 2.5 | AB46: 9.5
A47: 2026-09-24 12:19:20 | B47: MLLB_000_y1.0.3 | C47: WHITE | D47: v4_white_MLLB_000_y103_0924 | E47: 4.2 | F47: 4.2 | G47: 7 | H47: 100 | I47: 21 | J47: ince | K47: TRUE | M47: 28 | N47: 32 | O47: 6 | P47: 974 | Q47: 1002 | R47: 2.037 | S47: 24.33 | T47: 11.945 | U47: 0.7779 | V47: TRUE | X47: TRUE | Z47: 935 | AA47: 2.5 | AB47: 9.5
A48: 2026-09-24 12:19:36 | B48: MLLB_000_y1.0.3 | C48: WHITE | D48: v4_white_MLLB_000_y103_0924 | E48: 4.2 | F48: 4.2 | G48: 7 | H48: 100 | I48: 22 | J48: ince | K48: TRUE | M48: 26 | N48: 32 | O48: 6 | P48: 976 | Q48: 1002 | R48: 3.655 | S48: 43.628 | T48: 11.937 | U48: 0.7775 | V48: TRUE | X48: FALSE | Y48: FLAS | Z48: 935 | AA48: 2.5 | AB48: 9.5
A49: 2026-09-24 12:19:52 | B49: MLLB_000_y1.0.3 | C49: WHITE | D49: v4_white_MLLB_000_y103_0924 | E49: 4.2 | F49: 4.2 | G49: 7 | H49: 100 | I49: 23 | J49: ince | K49: TRUE | M49: 28 | N49: 32 | O49: 6 | P49: 974 | Q49: 1002 | R49: 5.249 | S49: 62.669 | T49: 11.939 | U49: 0.7778 | V49: TRUE | X49: FALSE | Y49: FLAS | Z49: 935 | AA49: 2.5 | AB49: 9.5
A50: 2026-09-24 12:19:52 | B50: MLLB_000_y1.0.3 | C50: WHITE | D50: v4_white_MLLB_000_y103_0924 | E50: 4.2 | F50: 4.2 | G50: 7 | H50: 100 | J50: bitti | K50: FALSE | Z50: 935 | AA50: 2.5 | AB50: 9.5
A51: 2026-09-24 12:20:08 | B51: MLLB_000_y1.0.3 | C51: WHITE | D51: v4_white_MLLB_000_y103_0924 | E51: 4.2 | F51: 4.2 | G51: 7 | H51: 80 | I51: 12 | J51: kaba | K51: TRUE | M51: 196 | N51: 38 | O51: 172 | P51: 806 | Q51: 1002 | R51: 1.09 | S51: 12.911 | T51: 11.841 | U51: 0.7781 | V51: TRUE | X51: FALSE | Y51: ON | Z51: 935 | AA51: 2.5 | AB51: 9.5
A52: 2026-09-24 12:20:24 | B52: MLLB_000_y1.0.3 | C52: WHITE | D52: v4_white_MLLB_000_y103_0924 | E52: 4.2 | F52: 4.2 | G52: 7 | H52: 80 | I52: 16 | J52: kaba | K52: TRUE | M52: 140 | N52: 44 | O52: 116 | P52: 862 | Q52: 1002 | R52: 1.093 | S52: 12.995 | T52: 11.888 | U52: 0.7774 | V52: TRUE | X52: FALSE | Y52: ON | Z52: 935 | AA52: 2.5 | AB52: 9.5
A53: 2026-09-24 12:20:40 | B53: MLLB_000_y1.0.3 | C53: WHITE | D53: v4_white_MLLB_000_y103_0924 | E53: 4.2 | F53: 4.2 | G53: 7 | H53: 80 | I53: 20 | J53: kaba | K53: TRUE | M53: 84 | N53: 40 | O53: 58 | P53: 918 | Q53: 1002 | R53: 1.09 | S53: 12.995 | T53: 11.927 | U53: 0.7777 | V53: TRUE | X53: FALSE | Y53: ON | Z53: 935 | AA53: 2.5 | AB53: 9.5
A54: 2026-09-24 12:20:56 | B54: MLLB_000_y1.0.3 | C54: WHITE | D54: v4_white_MLLB_000_y103_0924 | E54: 4.2 | F54: 4.2 | G54: 7 | H54: 80 | I54: 24 | J54: kaba | K54: TRUE | M54: 32 | N54: 32 | O54: 10 | P54: 970 | Q54: 1002 | R54: 1.089 | S54: 12.995 | T54: 11.935 | U54: 0.778 | V54: TRUE | X54: TRUE | Z54: 935 | AA54: 2.5 | AB54: 9.5
A55: 2026-09-24 12:21:12 | B55: MLLB_000_y1.0.3 | C55: WHITE | D55: v4_white_MLLB_000_y103_0924 | E55: 4.2 | F55: 4.2 | G55: 7 | H55: 80 | I55: 28 | J55: kaba | K55: TRUE | M55: 30 | N55: 32 | O55: 10 | P55: 972 | Q55: 1002 | R55: 6.061 | S55: 72.312 | T55: 11.93 | U55: 0.778 | V55: TRUE | X55: FALSE | Y55: FLAS | Z55: 935 | AA55: 2.5 | AB55: 9.5
A56: 2026-09-24 12:21:28 | B56: MLLB_000_y1.0.3 | C56: WHITE | D56: v4_white_MLLB_000_y103_0924 | E56: 4.2 | F56: 4.2 | G56: 7 | H56: 80 | I56: 21 | J56: ince | K56: TRUE | M56: 70 | N56: 42 | O56: 46 | P56: 932 | Q56: 1002 | R56: 1.09 | S56: 12.995 | T56: 11.922 | U56: 0.7782 | V56: TRUE | X56: FALSE | Y56: ON | Z56: 935 | AA56: 2.5 | AB56: 9.5
A57: 2026-09-24 12:21:40 | B57: MLLB_000_y1.0.3 | C57: WHITE | D57: v4_white_MLLB_000_y103_0924 | E57: 4.2 | F57: 4.2 | G57: 7 | H57: 80 | I57: 22 | J57: ince | K57: TRUE | M57: 56 | N57: 40 | O57: 30 | P57: 946 | Q57: 1002 | R57: 1.086 | S57: 12.949 | T57: 11.919 | U57: 0.7777 | V57: TRUE | X57: TRUE | Z57: 935 | AA57: 2.5 | AB57: 9.5
A58: 2026-09-24 12:21:56 | B58: MLLB_000_y1.0.3 | C58: WHITE | D58: v4_white_MLLB_000_y103_0924 | E58: 4.2 | F58: 4.2 | G58: 7 | H58: 80 | I58: 23 | J58: ince | K58: TRUE | M58: 40 | N58: 46 | O58: 14 | P58: 962 | Q58: 1002 | R58: 1.089 | S58: 12.995 | T58: 11.937 | U58: 0.7774 | V58: TRUE | X58: TRUE | Z58: 935 | AA58: 2.5 | AB58: 9.5
A59: 2026-09-24 12:22:08 | B59: MLLB_000_y1.0.3 | C59: WHITE | D59: v4_white_MLLB_000_y103_0924 | E59: 4.2 | F59: 4.2 | G59: 7 | H59: 80 | I59: 25 | J59: ince | K59: TRUE | M59: 30 | N59: 32 | O59: 10 | P59: 972 | Q59: 1002 | R59: 1.664 | S59: 19.811 | T59: 11.909 | U59: 0.7778 | V59: TRUE | X59: TRUE | Z59: 935 | AA59: 2.5 | AB59: 9.5
A60: 2026-09-24 12:22:24 | B60: MLLB_000_y1.0.3 | C60: WHITE | D60: v4_white_MLLB_000_y103_0924 | E60: 4.2 | F60: 4.2 | G60: 7 | H60: 80 | I60: 26 | J60: ince | K60: TRUE | M60: 32 | N60: 32 | O60: 10 | P60: 970 | Q60: 1002 | R60: 2.904 | S60: 34.634 | T60: 11.925 | U60: 0.7777 | V60: TRUE | X60: FALSE | Y60: FLAS | Z60: 935 | AA60: 2.5 | AB60: 9.5
A61: 2026-09-24 12:22:40 | B61: MLLB_000_y1.0.3 | C61: WHITE | D61: v4_white_MLLB_000_y103_0924 | E61: 4.2 | F61: 4.2 | G61: 7 | H61: 80 | I61: 27 | J61: ince | K61: TRUE | M61: 30 | N61: 32 | O61: 10 | P61: 972 | Q61: 1002 | R61: 4.206 | S61: 50.015 | T61: 11.891 | U61: 0.7776 | V61: TRUE | X61: FALSE | Y61: FLAS | Z61: 935 | AA61: 2.5 | AB61: 9.5
A62: 2026-09-24 12:22:40 | B62: MLLB_000_y1.0.3 | C62: WHITE | D62: v4_white_MLLB_000_y103_0924 | E62: 4.2 | F62: 4.2 | G62: 7 | H62: 80 | J62: bitti | K62: FALSE | Z62: 935 | AA62: 2.5 | AB62: 9.5
A63: 2026-09-24 12:22:56 | B63: MLLB_000_y1.0.3 | C63: WHITE | D63: v4_white_MLLB_000_y103_0924 | E63: 4.2 | F63: 4.2 | G63: 7 | H63: 60 | I63: 12 | J63: kaba | K63: TRUE | M63: 232 | N63: 46 | O63: 206 | P63: 770 | Q63: 1002 | R63: 1.097 | S63: 12.995 | T63: 11.851 | U63: 0.7777 | V63: TRUE | X63: FALSE | Y63: ON | Z63: 935 | AA63: 2.5 | AB63: 9.5
A64: 2026-09-24 12:23:12 | B64: MLLB_000_y1.0.3 | C64: WHITE | D64: v4_white_MLLB_000_y103_0924 | E64: 4.2 | F64: 4.2 | G64: 7 | H64: 60 | I64: 16 | J64: kaba | K64: TRUE | M64: 194 | N64: 40 | O64: 170 | P64: 808 | Q64: 1002 | R64: 1.09 | S64: 12.903 | T64: 11.84 | U64: 0.7775 | V64: TRUE | X64: FALSE | Y64: ON | Z64: 935 | AA64: 2.5 | AB64: 9.5
A65: 2026-09-24 12:23:28 | B65: MLLB_000_y1.0.3 | C65: WHITE | D65: v4_white_MLLB_000_y103_0924 | E65: 4.2 | F65: 4.2 | G65: 7 | H65: 60 | I65: 20 | J65: kaba | K65: TRUE | M65: 152 | N65: 44 | O65: 128 | P65: 850 | Q65: 1002 | R65: 1.094 | S65: 12.995 | T65: 11.874 | U65: 0.7774 | V65: TRUE | X65: FALSE | Y65: ON | Z65: 935 | AA65: 2.5 | AB65: 9.5
A66: 2026-09-24 12:23:44 | B66: MLLB_000_y1.0.3 | C66: WHITE | D66: v4_white_MLLB_000_y103_0924 | E66: 4.2 | F66: 4.2 | G66: 7 | H66: 60 | I66: 24 | J66: kaba | K66: TRUE | M66: 112 | N66: 40 | O66: 86 | P66: 890 | Q66: 1002 | R66: 1.092 | S66: 12.995 | T66: 11.902 | U66: 0.777 | V66: TRUE | X66: FALSE | Y66: ON | Z66: 935 | AA66: 2.5 | AB66: 9.5
A67: 2026-09-24 12:24:00 | B67: MLLB_000_y1.0.3 | C67: WHITE | D67: v4_white_MLLB_000_y103_0924 | E67: 4.2 | F67: 4.2 | G67: 7 | H67: 60 | I67: 28 | J67: kaba | K67: TRUE | M67: 70 | N67: 40 | O67: 46 | P67: 932 | Q67: 1002 | R67: 1.091 | S67: 12.995 | T67: 11.912 | U67: 0.7782 | V67: TRUE | X67: FALSE | Y67: ON | Z67: 935 | AA67: 2.5 | AB67: 9.5
A68: 2026-09-24 12:24:16 | B68: MLLB_000_y1.0.3 | C68: WHITE | D68: v4_white_MLLB_000_y103_0924 | E68: 4.2 | F68: 4.2 | G68: 7 | H68: 60 | I68: 32 | J68: kaba | K68: TRUE | M68: 38 | N68: 28 | O68: 18 | P68: 964 | Q68: 1002 | R68: 1.084 | S68: 12.903 | T68: 11.907 | U68: 0.7778 | V68: TRUE | X68: TRUE | Z68: 935 | AA68: 2.5 | AB68: 9.5
A69: 2026-09-24 12:24:32 | B69: MLLB_000_y1.0.3 | C69: WHITE | D69: v4_white_MLLB_000_y103_0924 | E69: 4.2 | F69: 4.2 | G69: 7 | H69: 60 | I69: 36 | J69: kaba | K69: TRUE | M69: 38 | N69: 28 | O69: 18 | P69: 964 | Q69: 1002 | R69: 4.417 | S69: 52.694 | T69: 11.929 | U69: 0.7772 | V69: TRUE | X69: FALSE | Y69: FLAS | Z69: 935 | AA69: 2.5 | AB69: 9.5
A70: 2026-09-24 12:24:48 | B70: MLLB_000_y1.0.3 | C70: WHITE | D70: v4_white_MLLB_000_y103_0924 | E70: 4.2 | F70: 4.2 | G70: 7 | H70: 60 | I70: 40 | J70: kaba | K70: TRUE | M70: 38 | N70: 28 | O70: 18 | P70: 964 | Q70: 1002 | R70: 7.062 | S70: 84.152 | T70: 11.916 | U70: 0.7771 | V70: TRUE | X70: FALSE | Y70: FLAS | Z70: 935 | AA70: 2.5 | AB70: 9.5
A71: 2026-09-24 12:25:04 | B71: MLLB_000_y1.0.3 | C71: WHITE | D71: v4_white_MLLB_000_y103_0924 | E71: 4.2 | F71: 4.2 | G71: 7 | H71: 60 | I71: 29 | J71: ince | K71: TRUE | M71: 60 | N71: 40 | O71: 34 | P71: 942 | Q71: 1002 | R71: 1.09 | S71: 12.995 | T71: 11.925 | U71: 0.7773 | V71: TRUE | X71: TRUE | Z71: 935 | AA71: 2.5 | AB71: 9.5
A72: 2026-09-24 12:25:20 | B72: MLLB_000_y1.0.3 | C72: WHITE | D72: v4_white_MLLB_000_y103_0924 | E72: 4.2 | F72: 4.2 | G72: 7 | H72: 60 | I72: 30 | J72: ince | K72: TRUE | M72: 48 | N72: 46 | O72: 22 | P72: 954 | Q72: 1002 | R72: 1.084 | S72: 12.911 | T72: 11.905 | U72: 0.7773 | V72: TRUE | X72: TRUE | Z72: 935 | AA72: 2.5 | AB72: 9.5
A73: 2026-09-24 12:25:36 | B73: MLLB_000_y1.0.3 | C73: WHITE | D73: v4_white_MLLB_000_y103_0924 | E73: 4.2 | F73: 4.2 | G73: 7 | H73: 60 | I73: 31 | J73: ince | K73: TRUE | M73: 38 | N73: 32 | O73: 18 | P73: 964 | Q73: 1002 | R73: 1.089 | S73: 12.955 | T73: 11.894 | U73: 0.7776 | V73: TRUE | X73: TRUE | Z73: 935 | AA73: 2.5 | AB73: 9.5
A74: 2026-09-24 12:25:52 | B74: MLLB_000_y1.0.3 | C74: WHITE | D74: v4_white_MLLB_000_y103_0924 | E74: 4.2 | F74: 4.2 | G74: 7 | H74: 60 | I74: 33 | J74: ince | K74: TRUE | M74: 38 | N74: 28 | O74: 18 | P74: 964 | Q74: 1002 | R74: 1.823 | S74: 21.716 | T74: 11.911 | U74: 0.7773 | V74: TRUE | X74: TRUE | Z74: 935 | AA74: 2.5 | AB74: 9.5
A75: 2026-09-24 12:26:04 | B75: MLLB_000_y1.0.3 | C75: WHITE | D75: v4_white_MLLB_000_y103_0924 | E75: 4.2 | F75: 4.2 | G75: 7 | H75: 60 | I75: 34 | J75: ince | K75: TRUE | M75: 38 | N75: 28 | O75: 18 | P75: 964 | Q75: 1002 | R75: 2.663 | S75: 31.682 | T75: 11.899 | U75: 0.7777 | V75: TRUE | X75: FALSE | Y75: FLAS | Z75: 935 | AA75: 2.5 | AB75: 9.5
A76: 2026-09-24 12:26:17 | B76: MLLB_000_y1.0.3 | C76: WHITE | D76: v4_white_MLLB_000_y103_0924 | E76: 4.2 | F76: 4.2 | G76: 7 | H76: 60 | I76: 35 | J76: ince | K76: TRUE | M76: 38 | N76: 28 | O76: 18 | P76: 964 | Q76: 1002 | R76: 3.546 | S76: 42.247 | T76: 11.915 | U76: 0.7774 | V76: TRUE | X76: FALSE | Y76: FLAS | Z76: 935 | AA76: 2.5 | AB76: 9.5
A77: 2026-09-24 12:26:17 | B77: MLLB_000_y1.0.3 | C77: WHITE | D77: v4_white_MLLB_000_y103_0924 | E77: 4.2 | F77: 4.2 | G77: 7 | H77: 60 | J77: bitti | K77: FALSE | Z77: 935 | AA77: 2.5 | AB77: 9.5
A78: 2026-09-24 12:26:56 | B78: MLLB_000_y1.0.3 | C78: WHITE | D78: v4_white_MLLB_000_y103_0924 | E78: 4.2 | F78: 4.2 | G78: 8 | H78: 100 | I78: 12 | J78: kaba | K78: TRUE | M78: 138 | N78: 42 | O78: 114 | P78: 864 | Q78: 1002 | R78: 1.086 | S78: 15.435 | T78: 14.219 | U78: 0.7776 | V78: TRUE | X78: FALSE | Y78: ON | Z78: 935 | AA78: 2.5 | AB78: 9.5
A79: 2026-09-24 12:27:12 | B79: MLLB_000_y1.0.3 | C79: WHITE | D79: v4_white_MLLB_000_y103_0924 | E79: 4.2 | F79: 4.2 | G79: 8 | H79: 100 | I79: 16 | J79: kaba | K79: TRUE | M79: 80 | N79: 36 | O79: 58 | P79: 922 | Q79: 1002 | R79: 1.081 | S79: 15.421 | T79: 14.267 | U79: 0.7773 | V79: TRUE | X79: FALSE | Y79: ON | Z79: 935 | AA79: 2.5 | AB79: 9.5
A80: 2026-09-24 12:27:28 | B80: MLLB_000_y1.0.3 | C80: WHITE | D80: v4_white_MLLB_000_y103_0924 | E80: 4.2 | F80: 4.2 | G80: 8 | H80: 100 | I80: 20 | J80: kaba | K80: TRUE | M80: 28 | N80: 32 | O80: 6 | P80: 974 | Q80: 1002 | R80: 1.081 | S80: 15.43 | T80: 14.267 | U80: 0.7776 | V80: TRUE | X80: TRUE | Z80: 935 | AA80: 2.5 | AB80: 9.5
A81: 2026-09-24 12:27:44 | B81: MLLB_000_y1.0.3 | C81: WHITE | D81: v4_white_MLLB_000_y103_0924 | E81: 4.2 | F81: 4.2 | G81: 8 | H81: 100 | I81: 24 | J81: kaba | K81: TRUE | M81: 26 | N81: 32 | O81: 6 | P81: 976 | Q81: 1002 | R81: 5.738 | S81: 81.952 | T81: 14.282 | U81: 0.7769 | V81: TRUE | X81: FALSE | Y81: FLAS | Z81: 935 | AA81: 2.5 | AB81: 9.5
A82: 2026-09-24 12:28:00 | B82: MLLB_000_y1.0.3 | C82: WHITE | D82: v4_white_MLLB_000_y103_0924 | E82: 4.2 | F82: 4.2 | G82: 8 | H82: 100 | I82: 28 | J82: kaba | K82: TRUE | M82: 28 | N82: 32 | O82: 6 | P82: 974 | Q82: 1002 | R82: 9.691 | S82: 138.431 | T82: 14.285 | U82: 0.7779 | V82: TRUE | X82: FALSE | Y82: FLAS | Z82: 935 | AA82: 2.5 | AB82: 9.5
A83: 2026-09-24 12:28:16 | B83: MLLB_000_y1.0.3 | C83: WHITE | D83: v4_white_MLLB_000_y103_0924 | E83: 4.2 | F83: 4.2 | G83: 8 | H83: 100 | I83: 17 | J83: ince | K83: TRUE | M83: 66 | N83: 40 | O83: 42 | P83: 936 | Q83: 1002 | R83: 1.082 | S83: 15.421 | T83: 14.249 | U83: 0.7773 | V83: TRUE | X83: TRUE | Z83: 935 | AA83: 2.5 | AB83: 9.5
A84: 2026-09-24 12:28:32 | B84: MLLB_000_y1.0.3 | C84: WHITE | D84: v4_white_MLLB_000_y103_0924 | E84: 4.2 | F84: 4.2 | G84: 8 | H84: 100 | I84: 18 | J84: ince | K84: TRUE | M84: 52 | N84: 38 | O84: 28 | P84: 950 | Q84: 1002 | R84: 1.081 | S84: 15.421 | T84: 14.272 | U84: 0.7767 | V84: TRUE | X84: TRUE | Z84: 935 | AA84: 2.5 | AB84: 9.5
A85: 2026-09-24 12:28:48 | B85: MLLB_000_y1.0.3 | C85: WHITE | D85: v4_white_MLLB_000_y103_0924 | E85: 4.2 | F85: 4.2 | G85: 8 | H85: 100 | I85: 19 | J85: ince | K85: TRUE | M85: 36 | N85: 38 | O85: 12 | P85: 966 | Q85: 1002 | R85: 1.081 | S85: 15.421 | T85: 14.263 | U85: 0.7772 | V85: TRUE | X85: TRUE | Z85: 935 | AA85: 2.5 | AB85: 9.5
A86: 2026-09-24 12:29:04 | B86: MLLB_000_y1.0.3 | C86: WHITE | D86: v4_white_MLLB_000_y103_0924 | E86: 4.2 | F86: 4.2 | G86: 8 | H86: 100 | I86: 21 | J86: ince | K86: TRUE | M86: 26 | N86: 32 | O86: 6 | P86: 976 | Q86: 1002 | R86: 1.702 | S86: 24.265 | T86: 14.256 | U86: 0.7776 | V86: TRUE | X86: TRUE | Z86: 935 | AA86: 2.5 | AB86: 9.5
A87: 2026-09-24 12:29:20 | B87: MLLB_000_y1.0.3 | C87: WHITE | D87: v4_white_MLLB_000_y103_0924 | E87: 4.2 | F87: 4.2 | G87: 8 | H87: 100 | I87: 22 | J87: ince | K87: TRUE | M87: 28 | N87: 32 | O87: 6 | P87: 974 | Q87: 1002 | R87: 3.058 | S87: 43.61 | T87: 14.261 | U87: 0.7771 | V87: TRUE | X87: FALSE | Y87: FLAS | Z87: 935 | AA87: 2.5 | AB87: 9.5
A88: 2026-09-24 12:29:36 | B88: MLLB_000_y1.0.3 | C88: WHITE | D88: v4_white_MLLB_000_y103_0924 | E88: 4.2 | F88: 4.2 | G88: 8 | H88: 100 | I88: 23 | J88: ince | K88: TRUE | M88: 26 | N88: 32 | O88: 6 | P88: 976 | Q88: 1002 | R88: 4.366 | S88: 62.269 | T88: 14.261 | U88: 0.7774 | V88: TRUE | X88: FALSE | Y88: FLAS | Z88: 935 | AA88: 2.5 | AB88: 9.5
A89: 2026-09-24 12:29:36 | B89: MLLB_000_y1.0.3 | C89: WHITE | D89: v4_white_MLLB_000_y103_0924 | E89: 4.2 | F89: 4.2 | G89: 8 | H89: 100 | J89: bitti | K89: FALSE | Z89: 935 | AA89: 2.5 | AB89: 9.5
A90: 2026-09-24 12:29:52 | B90: MLLB_000_y1.0.3 | C90: WHITE | D90: v4_white_MLLB_000_y103_0924 | E90: 4.2 | F90: 4.2 | G90: 8 | H90: 80 | I90: 12 | J90: kaba | K90: TRUE | M90: 166 | N90: 40 | O90: 142 | P90: 836 | Q90: 1002 | R90: 1.084 | S90: 15.374 | T90: 14.182 | U90: 0.7781 | V90: TRUE | X90: FALSE | Y90: ON | Z90: 935 | AA90: 2.5 | AB90: 9.5
A91: 2026-09-24 12:30:08 | B91: MLLB_000_y1.0.3 | C91: WHITE | D91: v4_white_MLLB_000_y103_0924 | E91: 4.2 | F91: 4.2 | G91: 8 | H91: 80 | I91: 16 | J91: kaba | K91: TRUE | M91: 120 | N91: 36 | O91: 98 | P91: 882 | Q91: 1002 | R91: 1.085 | S91: 15.421 | T91: 14.217 | U91: 0.7776 | V91: TRUE | X91: FALSE | Y91: ON | Z91: 935 | AA91: 2.5 | AB91: 9.5
A92: 2026-09-24 12:30:24 | B92: MLLB_000_y1.0.3 | C92: WHITE | D92: v4_white_MLLB_000_y103_0924 | E92: 4.2 | F92: 4.2 | G92: 8 | H92: 80 | I92: 20 | J92: kaba | K92: TRUE | M92: 74 | N92: 40 | O92: 50 | P92: 928 | Q92: 1002 | R92: 1.081 | S92: 15.421 | T92: 14.267 | U92: 0.7767 | V92: TRUE | X92: FALSE | Y92: ON | Z92: 935 | AA92: 2.5 | AB92: 9.5
A93: 2026-09-24 12:30:40 | B93: MLLB_000_y1.0.3 | C93: WHITE | D93: v4_white_MLLB_000_y103_0924 | E93: 4.2 | F93: 4.2 | G93: 8 | H93: 80 | I93: 24 | J93: kaba | K93: TRUE | M93: 30 | N93: 32 | O93: 10 | P93: 972 | Q93: 1002 | R93: 1.08 | S93: 15.421 | T93: 14.279 | U93: 0.777 | V93: TRUE | X93: TRUE | Z93: 935 | AA93: 2.5 | AB93: 9.5
A94: 2026-09-24 12:30:56 | B94: MLLB_000_y1.0.3 | C94: WHITE | D94: v4_white_MLLB_000_y103_0924 | E94: 4.2 | F94: 4.2 | G94: 8 | H94: 80 | I94: 28 | J94: kaba | K94: TRUE | M94: 30 | N94: 32 | O94: 10 | P94: 972 | Q94: 1002 | R94: 5.055 | S94: 72.158 | T94: 14.274 | U94: 0.7774 | V94: TRUE | X94: FALSE | Y94: FLAS | Z94: 935 | AA94: 2.5 | AB94: 9.5
A95: 2026-09-24 12:31:12 | B95: MLLB_000_y1.0.3 | C95: WHITE | D95: v4_white_MLLB_000_y103_0924 | E95: 4.2 | F95: 4.2 | G95: 8 | H95: 80 | I95: 32 | J95: kaba | K95: TRUE | M95: 32 | N95: 32 | O95: 10 | P95: 970 | Q95: 1002 | R95: 7.375 | S95: 105.201 | T95: 14.264 | U95: 0.7777 | V95: TRUE | X95: FALSE | Y95: FLAS | Z95: 935 | AA95: 2.5 | AB95: 9.5
A96: 2026-09-24 12:31:28 | B96: MLLB_000_y1.0.3 | C96: WHITE | D96: v4_white_MLLB_000_y103_0924 | E96: 4.2 | F96: 4.2 | G96: 8 | H96: 80 | I96: 21 | J96: ince | K96: TRUE | M96: 62 | N96: 38 | O96: 40 | P96: 940 | Q96: 1002 | R96: 1.082 | S96: 15.429 | T96: 14.266 | U96: 0.7775 | V96: TRUE | X96: TRUE | Z96: 935 | AA96: 2.5 | AB96: 9.5
A97: 2026-09-24 12:31:44 | B97: MLLB_000_y1.0.3 | C97: WHITE | D97: v4_white_MLLB_000_y103_0924 | E97: 4.2 | F97: 4.2 | G97: 8 | H97: 80 | I97: 22 | J97: ince | K97: TRUE | M97: 50 | N97: 40 | O97: 26 | P97: 952 | Q97: 1002 | R97: 1.081 | S97: 15.43 | T97: 14.272 | U97: 0.777 | V97: TRUE | X97: TRUE | Z97: 935 | AA97: 2.5 | AB97: 9.5
A98: 2026-09-24 12:32:00 | B98: MLLB_000_y1.0.3 | C98: WHITE | D98: v4_white_MLLB_000_y103_0924 | E98: 4.2 | F98: 4.2 | G98: 8 | H98: 80 | I98: 23 | J98: ince | K98: TRUE | M98: 38 | N98: 42 | O98: 14 | P98: 964 | Q98: 1002 | R98: 1.081 | S98: 15.437 | T98: 14.282 | U98: 0.777 | V98: TRUE | X98: TRUE | Z98: 935 | AA98: 2.5 | AB98: 9.5
A99: 2026-09-24 12:32:16 | B99: MLLB_000_y1.0.3 | C99: WHITE | D99: v4_white_MLLB_000_y103_0924 | E99: 4.2 | F99: 4.2 | G99: 8 | H99: 80 | I99: 25 | J99: ince | K99: TRUE | M99: 30 | N99: 32 | O99: 10 | P99: 972 | Q99: 1002 | R99: 1.39 | S99: 19.836 | T99: 14.266 | U99: 0.7774 | V99: TRUE | X99: TRUE | Z99: 935 | AA99: 2.5 | AB99: 9.5
A100: 2026-09-24 12:32:32 | B100: MLLB_000_y1.0.3 | C100: WHITE | D100: v4_white_MLLB_000_y103_0924 | E100: 4.2 | F100: 4.2 | G100: 8 | H100: 80 | I100: 26 | J100: ince | K100: TRUE | M100: 30 | N100: 32 | O100: 10 | P100: 972 | Q100: 1002 | R100: 2.415 | S100: 34.48 | T100: 14.277 | U100: 0.7778 | V100: TRUE | X100: TRUE | Z100: 935 | AA100: 2.5 | AB100: 9.5
...

Sheet Data_new
A1: voltage | B1: intensity | C1: kick_pc | D1: kick_ms | E1: t_on_ms | F1: t_dead_ms | G1: warmup_ms | H1: on_ms | I1: real_on_ms | J1: calc_total | K1: flash | L1: settled_mA | M1: all_zero | N1: pass_warmup_on_ms | O1: pass_warmup_real_ms | P1: pass_on_ms | Q1: pass_real_on_ms | R1: .
A2: =Data!E2 | B2: =Data!G2 | C2: =Data!H2 | D2: =Data!I2 | E2: =Data!M2 | F2: =Data!O2 | G2: =E2-F2 | H2: =Data!P2 | I2: =G2+H2 | J2: =F2+G2+H2 | K2: =Data!R2 | L2: =Data!T2 | M2: =AND(E2=0,F2=0,G2=0,H2=0,I2=0,J2=0,K2=0,L2=0) | N2: =G2<=$T$6 | O2: =G2<=$T$12 | P2: =OR(AND(H2>=$T$4,K2<=$T$5,N2),M2) | Q2: =OR(AND(I2>=$T$10,K2<=$T$11,O2),M2)
A3: =Data!E3 | B3: =Data!G3 | C3: =Data!H3 | D3: =Data!I3 | E3: =Data!M3 | F3: =Data!O3 | G3: =E3-F3 | H3: =Data!P3 | I3: =G3+H3 | J3: =F3+G3+H3 | K3: =Data!R3 | L3: =Data!T3 | M3: =AND(E3=0,F3=0,G3=0,H3=0,I3=0,J3=0,K3=0,L3=0) | N3: =G3<=$T$6 | O3: =G3<=$T$12 | P3: =OR(AND(H3>=$T$4,K3<=$T$5,N3),M3) | Q3: =OR(AND(I3>=$T$10,K3<=$T$11,O3),M3)
A4: =Data!E4 | B4: =Data!G4 | C4: =Data!H4 | D4: =Data!I4 | E4: =Data!M4 | F4: =Data!O4 | G4: =E4-F4 | H4: =Data!P4 | I4: =G4+H4 | J4: =F4+G4+H4 | K4: =Data!R4 | L4: =Data!T4 | M4: =AND(E4=0,F4=0,G4=0,H4=0,I4=0,J4=0,K4=0,L4=0) | N4: =G4<=$T$6 | O4: =G4<=$T$12 | P4: =OR(AND(H4>=$T$4,K4<=$T$5,N4),M4) | Q4: =OR(AND(I4>=$T$10,K4<=$T$11,O4),M4) | S4: min on_ms | T4: 800
A5: =Data!E5 | B5: =Data!G5 | C5: =Data!H5 | D5: =Data!I5 | E5: =Data!M5 | F5: =Data!O5 | G5: =E5-F5 | H5: =Data!P5 | I5: =G5+H5 | J5: =F5+G5+H5 | K5: =Data!R5 | L5: =Data!T5 | M5: =AND(E5=0,F5=0,G5=0,H5=0,I5=0,J5=0,K5=0,L5=0) | N5: =G5<=$T$6 | O5: =G5<=$T$12 | P5: =OR(AND(H5>=$T$4,K5<=$T$5,N5),M5) | Q5: =OR(AND(I5>=$T$10,K5<=$T$11,O5),M5) | S5: max flash | T5: 3.5
A6: =Data!E6 | B6: =Data!G6 | C6: =Data!H6 | D6: =Data!I6 | E6: =Data!M6 | F6: =Data!O6 | G6: =E6-F6 | H6: =Data!P6 | I6: =G6+H6 | J6: =F6+G6+H6 | K6: =Data!R6 | L6: =Data!T6 | M6: =AND(E6=0,F6=0,G6=0,H6=0,I6=0,J6=0,K6=0,L6=0) | N6: =G6<=$T$6 | O6: =G6<=$T$12 | P6: =OR(AND(H6>=$T$4,K6<=$T$5,N6),M6) | Q6: =OR(AND(I6>=$T$10,K6<=$T$11,O6),M6) | S6: max_warmup_ms | T6: 300
A7: =Data!E7 | B7: =Data!G7 | C7: =Data!H7 | D7: =Data!I7 | E7: =Data!M7 | F7: =Data!O7 | G7: =E7-F7 | H7: =Data!P7 | I7: =G7+H7 | J7: =F7+G7+H7 | K7: =Data!R7 | L7: =Data!T7 | M7: =AND(E7=0,F7=0,G7=0,H7=0,I7=0,J7=0,K7=0,L7=0) | N7: =G7<=$T$6 | O7: =G7<=$T$12 | P7: =OR(AND(H7>=$T$4,K7<=$T$5,N7),M7) | Q7: =OR(AND(I7>=$T$10,K7<=$T$11,O7),M7) | S7: pass True | T7: {=SUMPRODUCT(((($H$2:$H$2639>=T4)*($K$2:$K$2639<=T5)*($G$2:$G$2639<=T6))+(--$M$2:$M$2639)>0)*1)} | U7: =T7/COUNT($A$2:$A$2639)
A8: =Data!E8 | B8: =Data!G8 | C8: =Data!H8 | D8: =Data!I8 | E8: =Data!M8 | F8: =Data!O8 | G8: =E8-F8 | H8: =Data!P8 | I8: =G8+H8 | J8: =F8+G8+H8 | K8: =Data!R8 | L8: =Data!T8 | M8: =AND(E8=0,F8=0,G8=0,H8=0,I8=0,J8=0,K8=0,L8=0) | N8: =G8<=$T$6 | O8: =G8<=$T$12 | P8: =OR(AND(H8>=$T$4,K8<=$T$5,N8),M8) | Q8: =OR(AND(I8>=$T$10,K8<=$T$11,O8),M8) | S8: pass False | T8: =COUNT($A$2:$A$2639)-T7 | U8: =T8/COUNT($A$2:$A$2639)
A9: =Data!E9 | B9: =Data!G9 | C9: =Data!H9 | D9: =Data!I9 | E9: =Data!M9 | F9: =Data!O9 | G9: =E9-F9 | H9: =Data!P9 | I9: =G9+H9 | J9: =F9+G9+H9 | K9: =Data!R9 | L9: =Data!T9 | M9: =AND(E9=0,F9=0,G9=0,H9=0,I9=0,J9=0,K9=0,L9=0) | N9: =G9<=$T$6 | O9: =G9<=$T$12 | P9: =OR(AND(H9>=$T$4,K9<=$T$5,N9),M9) | Q9: =OR(AND(I9>=$T$10,K9<=$T$11,O9),M9)
A10: =Data!E10 | B10: =Data!G10 | C10: =Data!H10 | D10: =Data!I10 | E10: =Data!M10 | F10: =Data!O10 | G10: =E10-F10 | H10: =Data!P10 | I10: =G10+H10 | J10: =F10+G10+H10 | K10: =Data!R10 | L10: =Data!T10 | M10: =AND(E10=0,F10=0,G10=0,H10=0,I10=0,J10=0,K10=0,L10=0) | N10: =G10<=$T$6 | O10: =G10<=$T$12 | P10: =OR(AND(H10>=$T$4,K10<=$T$5,N10),M10) | Q10: =OR(AND(I10>=$T$10,K10<=$T$11,O10),M10) | S10: min real_on_ms | T10: 800
A11: =Data!E11 | B11: =Data!G11 | C11: =Data!H11 | D11: =Data!I11 | E11: =Data!M11 | F11: =Data!O11 | G11: =E11-F11 | H11: =Data!P11 | I11: =G11+H11 | J11: =F11+G11+H11 | K11: =Data!R11 | L11: =Data!T11 | M11: =AND(E11=0,F11=0,G11=0,H11=0,I11=0,J11=0,K11=0,L11=0) | N11: =G11<=$T$6 | O11: =G11<=$T$12 | P11: =OR(AND(H11>=$T$4,K11<=$T$5,N11),M11) | Q11: =OR(AND(I11>=$T$10,K11<=$T$11,O11),M11) | S11: max flash | T11: 3.5
A12: =Data!E13 | B12: =Data!G13 | C12: =Data!H13 | D12: =Data!I13 | E12: =Data!M13 | F12: =Data!O13 | G12: =E12-F12 | H12: =Data!P13 | I12: =G12+H12 | J12: =F12+G12+H12 | K12: =Data!R13 | L12: =Data!T13 | M12: =AND(E12=0,F12=0,G12=0,H12=0,I12=0,J12=0,K12=0,L12=0) | N12: =G12<=$T$6 | O12: =G12<=$T$12 | P12: =OR(AND(H12>=$T$4,K12<=$T$5,N12),M12) | Q12: =OR(AND(I12>=$T$10,K12<=$T$11,O12),M12) | S12: max_warmup_ms | T12: 500
A13: =Data!E14 | B13: =Data!G14 | C13: =Data!H14 | D13: =Data!I14 | E13: =Data!M14 | F13: =Data!O14 | G13: =E13-F13 | H13: =Data!P14 | I13: =G13+H13 | J13: =F13+G13+H13 | K13: =Data!R14 | L13: =Data!T14 | M13: =AND(E13=0,F13=0,G13=0,H13=0,I13=0,J13=0,K13=0,L13=0) | N13: =G13<=$T$6 | O13: =G13<=$T$12 | P13: =OR(AND(H13>=$T$4,K13<=$T$5,N13),M13) | Q13: =OR(AND(I13>=$T$10,K13<=$T$11,O13),M13) | S13: pass True | T13: {=SUMPRODUCT(((($I$2:$I$2639>=T10)*($K$2:$K$2639<=T11)*($G$2:$G$2639<=T12))+(--$M$2:$M$2639)>0)*1)} | U13: =T13/COUNT($A$2:$A$2639)
A14: =Data!E15 | B14: =Data!G15 | C14: =Data!H15 | D14: =Data!I15 | E14: =Data!M15 | F14: =Data!O15 | G14: =E14-F14 | H14: =Data!P15 | I14: =G14+H14 | J14: =F14+G14+H14 | K14: =Data!R15 | L14: =Data!T15 | M14: =AND(E14=0,F14=0,G14=0,H14=0,I14=0,J14=0,K14=0,L14=0) | N14: =G14<=$T$6 | O14: =G14<=$T$12 | P14: =OR(AND(H14>=$T$4,K14<=$T$5,N14),M14) | Q14: =OR(AND(I14>=$T$10,K14<=$T$11,O14),M14) | S14: pass False | T14: =COUNT($A$2:$A$2639)-T13 | U14: =T14/COUNT($A$2:$A$2639)
A15: =Data!E16 | B15: =Data!G16 | C15: =Data!H16 | D15: =Data!I16 | E15: =Data!M16 | F15: =Data!O16 | G15: =E15-F15 | H15: =Data!P16 | I15: =G15+H15 | J15: =F15+G15+H15 | K15: =Data!R16 | L15: =Data!T16 | M15: =AND(E15=0,F15=0,G15=0,H15=0,I15=0,J15=0,K15=0,L15=0) | N15: =G15<=$T$6 | O15: =G15<=$T$12 | P15: =OR(AND(H15>=$T$4,K15<=$T$5,N15),M15) | Q15: =OR(AND(I15>=$T$10,K15<=$T$11,O15),M15)
A16: =Data!E17 | B16: =Data!G17 | C16: =Data!H17 | D16: =Data!I17 | E16: =Data!M17 | F16: =Data!O17 | G16: =E16-F16 | H16: =Data!P17 | I16: =G16+H16 | J16: =F16+G16+H16 | K16: =Data!R17 | L16: =Data!T17 | M16: =AND(E16=0,F16=0,G16=0,H16=0,I16=0,J16=0,K16=0,L16=0) | N16: =G16<=$T$6 | O16: =G16<=$T$12 | P16: =OR(AND(H16>=$T$4,K16<=$T$5,N16),M16) | Q16: =OR(AND(I16>=$T$10,K16<=$T$11,O16),M16)
A17: =Data!E18 | B17: =Data!G18 | C17: =Data!H18 | D17: =Data!I18 | E17: =Data!M18 | F17: =Data!O18 | G17: =E17-F17 | H17: =Data!P18 | I17: =G17+H17 | J17: =F17+G17+H17 | K17: =Data!R18 | L17: =Data!T18 | M17: =AND(E17=0,F17=0,G17=0,H17=0,I17=0,J17=0,K17=0,L17=0) | N17: =G17<=$T$6 | O17: =G17<=$T$12 | P17: =OR(AND(H17>=$T$4,K17<=$T$5,N17),M17) | Q17: =OR(AND(I17>=$T$10,K17<=$T$11,O17),M17)
A18: =Data!E19 | B18: =Data!G19 | C18: =Data!H19 | D18: =Data!I19 | E18: =Data!M19 | F18: =Data!O19 | G18: =E18-F18 | H18: =Data!P19 | I18: =G18+H18 | J18: =F18+G18+H18 | K18: =Data!R19 | L18: =Data!T19 | M18: =AND(E18=0,F18=0,G18=0,H18=0,I18=0,J18=0,K18=0,L18=0) | N18: =G18<=$T$6 | O18: =G18<=$T$12 | P18: =OR(AND(H18>=$T$4,K18<=$T$5,N18),M18) | Q18: =OR(AND(I18>=$T$10,K18<=$T$11,O18),M18)
A19: =Data!E20 | B19: =Data!G20 | C19: =Data!H20 | D19: =Data!I20 | E19: =Data!M20 | F19: =Data!O20 | G19: =E19-F19 | H19: =Data!P20 | I19: =G19+H19 | J19: =F19+G19+H19 | K19: =Data!R20 | L19: =Data!T20 | M19: =AND(E19=0,F19=0,G19=0,H19=0,I19=0,J19=0,K19=0,L19=0) | N19: =G19<=$T$6 | O19: =G19<=$T$12 | P19: =OR(AND(H19>=$T$4,K19<=$T$5,N19),M19) | Q19: =OR(AND(I19>=$T$10,K19<=$T$11,O19),M19)
A20: =Data!E21 | B20: =Data!G21 | C20: =Data!H21 | D20: =Data!I21 | E20: =Data!M21 | F20: =Data!O21 | G20: =E20-F20 | H20: =Data!P21 | I20: =G20+H20 | J20: =F20+G20+H20 | K20: =Data!R21 | L20: =Data!T21 | M20: =AND(E20=0,F20=0,G20=0,H20=0,I20=0,J20=0,K20=0,L20=0) | N20: =G20<=$T$6 | O20: =G20<=$T$12 | P20: =OR(AND(H20>=$T$4,K20<=$T$5,N20),M20) | Q20: =OR(AND(I20>=$T$10,K20<=$T$11,O20),M20)
A21: =Data!E22 | B21: =Data!G22 | C21: =Data!H22 | D21: =Data!I22 | E21: =Data!M22 | F21: =Data!O22 | G21: =E21-F21 | H21: =Data!P22 | I21: =G21+H21 | J21: =F21+G21+H21 | K21: =Data!R22 | L21: =Data!T22 | M21: =AND(E21=0,F21=0,G21=0,H21=0,I21=0,J21=0,K21=0,L21=0) | N21: =G21<=$T$6 | O21: =G21<=$T$12 | P21: =OR(AND(H21>=$T$4,K21<=$T$5,N21),M21) | Q21: =OR(AND(I21>=$T$10,K21<=$T$11,O21),M21)
A22: =Data!E23 | B22: =Data!G23 | C22: =Data!H23 | D22: =Data!I23 | E22: =Data!M23 | F22: =Data!O23 | G22: =E22-F22 | H22: =Data!P23 | I22: =G22+H22 | J22: =F22+G22+H22 | K22: =Data!R23 | L22: =Data!T23 | M22: =AND(E22=0,F22=0,G22=0,H22=0,I22=0,J22=0,K22=0,L22=0) | N22: =G22<=$T$6 | O22: =G22<=$T$12 | P22: =OR(AND(H22>=$T$4,K22<=$T$5,N22),M22) | Q22: =OR(AND(I22>=$T$10,K22<=$T$11,O22),M22)
A23: =Data!E25 | B23: =Data!G25 | C23: =Data!H25 | D23: =Data!I25 | E23: =Data!M25 | F23: =Data!O25 | G23: =E23-F23 | H23: =Data!P25 | I23: =G23+H23 | J23: =F23+G23+H23 | K23: =Data!R25 | L23: =Data!T25 | M23: =AND(E23=0,F23=0,G23=0,H23=0,I23=0,J23=0,K23=0,L23=0) | N23: =G23<=$T$6 | O23: =G23<=$T$12 | P23: =OR(AND(H23>=$T$4,K23<=$T$5,N23),M23) | Q23: =OR(AND(I23>=$T$10,K23<=$T$11,O23),M23)
A24: =Data!E26 | B24: =Data!G26 | C24: =Data!H26 | D24: =Data!I26 | E24: =Data!M26 | F24: =Data!O26 | G24: =E24-F24 | H24: =Data!P26 | I24: =G24+H24 | J24: =F24+G24+H24 | K24: =Data!R26 | L24: =Data!T26 | M24: =AND(E24=0,F24=0,G24=0,H24=0,I24=0,J24=0,K24=0,L24=0) | N24: =G24<=$T$6 | O24: =G24<=$T$12 | P24: =OR(AND(H24>=$T$4,K24<=$T$5,N24),M24) | Q24: =OR(AND(I24>=$T$10,K24<=$T$11,O24),M24)
A25: =Data!E27 | B25: =Data!G27 | C25: =Data!H27 | D25: =Data!I27 | E25: =Data!M27 | F25: =Data!O27 | G25: =E25-F25 | H25: =Data!P27 | I25: =G25+H25 | J25: =F25+G25+H25 | K25: =Data!R27 | L25: =Data!T27 | M25: =AND(E25=0,F25=0,G25=0,H25=0,I25=0,J25=0,K25=0,L25=0) | N25: =G25<=$T$6 | O25: =G25<=$T$12 | P25: =OR(AND(H25>=$T$4,K25<=$T$5,N25),M25) | Q25: =OR(AND(I25>=$T$10,K25<=$T$11,O25),M25)
A26: =Data!E28 | B26: =Data!G28 | C26: =Data!H28 | D26: =Data!I28 | E26: =Data!M28 | F26: =Data!O28 | G26: =E26-F26 | H26: =Data!P28 | I26: =G26+H26 | J26: =F26+G26+H26 | K26: =Data!R28 | L26: =Data!T28 | M26: =AND(E26=0,F26=0,G26=0,H26=0,I26=0,J26=0,K26=0,L26=0) | N26: =G26<=$T$6 | O26: =G26<=$T$12 | P26: =OR(AND(H26>=$T$4,K26<=$T$5,N26),M26) | Q26: =OR(AND(I26>=$T$10,K26<=$T$11,O26),M26)
A27: =Data!E29 | B27: =Data!G29 | C27: =Data!H29 | D27: =Data!I29 | E27: =Data!M29 | F27: =Data!O29 | G27: =E27-F27 | H27: =Data!P29 | I27: =G27+H27 | J27: =F27+G27+H27 | K27: =Data!R29 | L27: =Data!T29 | M27: =AND(E27=0,F27=0,G27=0,H27=0,I27=0,J27=0,K27=0,L27=0) | N27: =G27<=$T$6 | O27: =G27<=$T$12 | P27: =OR(AND(H27>=$T$4,K27<=$T$5,N27),M27) | Q27: =OR(AND(I27>=$T$10,K27<=$T$11,O27),M27)
A28: =Data!E30 | B28: =Data!G30 | C28: =Data!H30 | D28: =Data!I30 | E28: =Data!M30 | F28: =Data!O30 | G28: =E28-F28 | H28: =Data!P30 | I28: =G28+H28 | J28: =F28+G28+H28 | K28: =Data!R30 | L28: =Data!T30 | M28: =AND(E28=0,F28=0,G28=0,H28=0,I28=0,J28=0,K28=0,L28=0) | N28: =G28<=$T$6 | O28: =G28<=$T$12 | P28: =OR(AND(H28>=$T$4,K28<=$T$5,N28),M28) | Q28: =OR(AND(I28>=$T$10,K28<=$T$11,O28),M28)
A29: =Data!E31 | B29: =Data!G31 | C29: =Data!H31 | D29: =Data!I31 | E29: =Data!M31 | F29: =Data!O31 | G29: =E29-F29 | H29: =Data!P31 | I29: =G29+H29 | J29: =F29+G29+H29 | K29: =Data!R31 | L29: =Data!T31 | M29: =AND(E29=0,F29=0,G29=0,H29=0,I29=0,J29=0,K29=0,L29=0) | N29: =G29<=$T$6 | O29: =G29<=$T$12 | P29: =OR(AND(H29>=$T$4,K29<=$T$5,N29),M29) | Q29: =OR(AND(I29>=$T$10,K29<=$T$11,O29),M29)
A30: =Data!E32 | B30: =Data!G32 | C30: =Data!H32 | D30: =Data!I32 | E30: =Data!M32 | F30: =Data!O32 | G30: =E30-F30 | H30: =Data!P32 | I30: =G30+H30 | J30: =F30+G30+H30 | K30: =Data!R32 | L30: =Data!T32 | M30: =AND(E30=0,F30=0,G30=0,H30=0,I30=0,J30=0,K30=0,L30=0) | N30: =G30<=$T$6 | O30: =G30<=$T$12 | P30: =OR(AND(H30>=$T$4,K30<=$T$5,N30),M30) | Q30: =OR(AND(I30>=$T$10,K30<=$T$11,O30),M30)
A31: =Data!E33 | B31: =Data!G33 | C31: =Data!H33 | D31: =Data!I33 | E31: =Data!M33 | F31: =Data!O33 | G31: =E31-F31 | H31: =Data!P33 | I31: =G31+H31 | J31: =F31+G31+H31 | K31: =Data!R33 | L31: =Data!T33 | M31: =AND(E31=0,F31=0,G31=0,H31=0,I31=0,J31=0,K31=0,L31=0) | N31: =G31<=$T$6 | O31: =G31<=$T$12 | P31: =OR(AND(H31>=$T$4,K31<=$T$5,N31),M31) | Q31: =OR(AND(I31>=$T$10,K31<=$T$11,O31),M31)
A32: =Data!E34 | B32: =Data!G34 | C32: =Data!H34 | D32: =Data!I34 | E32: =Data!M34 | F32: =Data!O34 | G32: =E32-F32 | H32: =Data!P34 | I32: =G32+H32 | J32: =F32+G32+H32 | K32: =Data!R34 | L32: =Data!T34 | M32: =AND(E32=0,F32=0,G32=0,H32=0,I32=0,J32=0,K32=0,L32=0) | N32: =G32<=$T$6 | O32: =G32<=$T$12 | P32: =OR(AND(H32>=$T$4,K32<=$T$5,N32),M32) | Q32: =OR(AND(I32>=$T$10,K32<=$T$11,O32),M32)
A33: =Data!E35 | B33: =Data!G35 | C33: =Data!H35 | D33: =Data!I35 | E33: =Data!M35 | F33: =Data!O35 | G33: =E33-F33 | H33: =Data!P35 | I33: =G33+H33 | J33: =F33+G33+H33 | K33: =Data!R35 | L33: =Data!T35 | M33: =AND(E33=0,F33=0,G33=0,H33=0,I33=0,J33=0,K33=0,L33=0) | N33: =G33<=$T$6 | O33: =G33<=$T$12 | P33: =OR(AND(H33>=$T$4,K33<=$T$5,N33),M33) | Q33: =OR(AND(I33>=$T$10,K33<=$T$11,O33),M33)
A34: =Data!E36 | B34: =Data!G36 | C34: =Data!H36 | D34: =Data!I36 | E34: =Data!M36 | F34: =Data!O36 | G34: =E34-F34 | H34: =Data!P36 | I34: =G34+H34 | J34: =F34+G34+H34 | K34: =Data!R36 | L34: =Data!T36 | M34: =AND(E34=0,F34=0,G34=0,H34=0,I34=0,J34=0,K34=0,L34=0) | N34: =G34<=$T$6 | O34: =G34<=$T$12 | P34: =OR(AND(H34>=$T$4,K34<=$T$5,N34),M34) | Q34: =OR(AND(I34>=$T$10,K34<=$T$11,O34),M34)
... A36: =Data!E38 | B36: =Data!G38 | C36: =Data!H38 | D36: =Data!I38 | E36: =Data!M38 | F36: =Data!O38 | G36: =E36-F36 | H36: =Data!P38 | I36: =G36+H36 | J36: =F36+G36+H36 | K36: =Data!R38 | L36: =Data!T38 | M36: =AND(E36=0,F36=0,G36=0,H36=0,I36=0,J36=0,K36=0,L36=0) | N36: =G36<=$T$6 | O36: =G36<=$T$12 | P36: =OR(AND(H36>=$T$4,K36<=$T$5,N36),M36) | Q36: =OR(AND(I36>=$T$10,K36<=$T$11,O36),M36)
A37: =Data!E40 | B37: =Data!G40 | C37: =Data!H40 | D37: =Data!I40 | E37: =Data!M40 | F37: =Data!O40 | G37: =E37-F37 | H37: =Data!P40 | I37: =G37+H37 | J37: =F37+G37+H37 | K37: =Data!R40 | L37: =Data!T40 | M37: =AND(E37=0,F37=0,G37=0,H37=0,I37=0,J37=0,K37=0,L37=0) | N37: =G37<=$T$6 | O37: =G37<=$T$12 | P37: =OR(AND(H37>=$T$4,K37<=$T$5,N37),M37) | Q37: =OR(AND(I37>=$T$10,K37<=$T$11,O37),M37)
A38: =Data!E41 | B38: =Data!G41 | C38: =Data!H41 | D38: =Data!I41 | E38: =Data!M41 | F38: =Data!O41 | G38: =E38-F38 | H38: =Data!P41 | I38: =G38+H38 | J38: =F38+G38+H38 | K38: =Data!R41 | L38: =Data!T41 | M38: =AND(E38=0,F38=0,G38=0,H38=0,I38=0,J38=0,K38=0,L38=0) | N38: =G38<=$T$6 | O38: =G38<=$T$12 | P38: =OR(AND(H38>=$T$4,K38<=$T$5,N38),M38) | Q38: =OR(AND(I38>=$T$10,K38<=$T$11,O38),M38)
A39: =Data!E42 | B39: =Data!G42 | C39: =Data!H42 | D39: =Data!I42 | E39: =Data!M42 | F39: =Data!O42 | G39: =E39-F39 | H39: =Data!P42 | I39: =G39+H39 | J39: =F39+G39+H39 | K39: =Data!R42 | L39: =Data!T42 | M39: =AND(E39=0,F39=0,G39=0,H39=0,I39=0,J39=0,K39=0,L39=0) | N39: =G39<=$T$6 | O39: =G39<=$T$12 | P39: =OR(AND(H39>=$T$4,K39<=$T$5,N39),M39) | Q39: =OR(AND(I39>=$T$10,K39<=$T$11,O39),M39)
A40: =Data!E43 | B40: =Data!G43 | C40: =Data!H43 | D40: =Data!I43 | E40: =Data!M43 | F40: =Data!O43 | G40: =E40-F40 | H40: =Data!P43 | I40: =G40+H40 | J40: =F40+G40+H40 | K40: =Data!R43 | L40: =Data!T43 | M40: =AND(E40=0,F40=0,G40=0,H40=0,I40=0,J40=0,K40=0,L40=0) | N40: =G40<=$T$6 | O40: =G40<=$T$12 | P40: =OR(AND(H40>=$T$4,K40<=$T$5,N40),M40) | Q40: =OR(AND(I40>=$T$10,K40<=$T$11,O40),M40)
A41: =Data!E44 | B41: =Data!G44 | C41: =Data!H44 | D41: =Data!I44 | E41: =Data!M44 | F41: =Data!O44 | G41: =E41-F41 | H41: =Data!P44 | I41: =G41+H41 | J41: =F41+G41+H41 | K41: =Data!R44 | L41: =Data!T44 | M41: =AND(E41=0,F41=0,G41=0,H41=0,I41=0,J41=0,K41=0,L41=0) | N41: =G41<=$T$6 | O41: =G41<=$T$12 | P41: =OR(AND(H41>=$T$4,K41<=$T$5,N41),M41) | Q41: =OR(AND(I41>=$T$10,K41<=$T$11,O41),M41)
A42: =Data!E45 | B42: =Data!G45 | C42: =Data!H45 | D42: =Data!I45 | E42: =Data!M45 | F42: =Data!O45 | G42: =E42-F42 | H42: =Data!P45 | I42: =G42+H42 | J42: =F42+G42+H42 | K42: =Data!R45 | L42: =Data!T45 | M42: =AND(E42=0,F42=0,G42=0,H42=0,I42=0,J42=0,K42=0,L42=0) | N42: =G42<=$T$6 | O42: =G42<=$T$12 | P42: =OR(AND(H42>=$T$4,K42<=$T$5,N42),M42) | Q42: =OR(AND(I42>=$T$10,K42<=$T$11,O42),M42)
A43: =Data!E46 | B43: =Data!G46 | C43: =Data!H46 | D43: =Data!I46 | E43: =Data!M46 | F43: =Data!O46 | G43: =E43-F43 | H43: =Data!P46 | I43: =G43+H43 | J43: =F43+G43+H43 | K43: =Data!R46 | L43: =Data!T46 | M43: =AND(E43=0,F43=0,G43=0,H43=0,I43=0,J43=0,K43=0,L43=0) | N43: =G43<=$T$6 | O43: =G43<=$T$12 | P43: =OR(AND(H43>=$T$4,K43<=$T$5,N43),M43) | Q43: =OR(AND(I43>=$T$10,K43<=$T$11,O43),M43)
A44: =Data!E47 | B44: =Data!G47 | C44: =Data!H47 | D44: =Data!I47 | E44: =Data!M47 | F44: =Data!O47 | G44: =E44-F44 | H44: =Data!P47 | I44: =G44+H44 | J44: =F44+G44+H44 | K44: =Data!R47 | L44: =Data!T47 | M44: =AND(E44=0,F44=0,G44=0,H44=0,I44=0,J44=0,K44=0,L44=0) | N44: =G44<=$T$6 | O44: =G44<=$T$12 | P44: =OR(AND(H44>=$T$4,K44<=$T$5,N44),M44) | Q44: =OR(AND(I44>=$T$10,K44<=$T$11,O44),M44)
A45: =Data!E48 | B45: =Data!G48 | C45: =Data!H48 | D45: =Data!I48 | E45: =Data!M48 | F45: =Data!O48 | G45: =E45-F45 | H45: =Data!P48 | I45: =G45+H45 | J45: =F45+G45+H45 | K45: =Data!R48 | L45: =Data!T48 | M45: =AND(E45=0,F45=0,G45=0,H45=0,I45=0,J45=0,K45=0,L45=0) | N45: =G45<=$T$6 | O45: =G45<=$T$12 | P45: =OR(AND(H45>=$T$4,K45<=$T$5,N45),M45) | Q45: =OR(AND(I45>=$T$10,K45<=$T$11,O45),M45)
A46: =Data!E49 | B46: =Data!G49 | C46: =Data!H49 | D46: =Data!I49 | E46: =Data!M49 | F46: =Data!O49 | G46: =E46-F46 | H46: =Data!P49 | I46: =G46+H46 | J46: =F46+G46+H46 | K46: =Data!R49 | L46: =Data!T49 | M46: =AND(E46=0,F46=0,G46=0,H46=0,I46=0,J46=0,K46=0,L46=0) | N46: =G46<=$T$6 | O46: =G46<=$T$12 | P46: =OR(AND(H46>=$T$4,K46<=$T$5,N46),M46) | Q46: =OR(AND(I46>=$T$10,K46<=$T$11,O46),M46)
A47: =Data!E51 | B47: =Data!G51 | C47: =Data!H51 | D47: =Data!I51 | E47: =Data!M51 | F47: =Data!O51 | G47: =E47-F47 | H47: =Data!P51 | I47: =G47+H47 | J47: =F47+G47+H47 | K47: =Data!R51 | L47: =Data!T51 | M47: =AND(E47=0,F47=0,G47=0,H47=0,I47=0,J47=0,K47=0,L47=0) | N47: =G47<=$T$6 | O47: =G47<=$T$12 | P47: =OR(AND(H47>=$T$4,K47<=$T$5,N47),M47) | Q47: =OR(AND(I47>=$T$10,K47<=$T$11,O47),M47)
A48: =Data!E52 | B48: =Data!G52 | C48: =Data!H52 | D48: =Data!I52 | E48: =Data!M52 | F48: =Data!O52 | G48: =E48-F48 | H48: =Data!P52 | I48: =G48+H48 | J48: =F48+G48+H48 | K48: =Data!R52 | L48: =Data!T52 | M48: =AND(E48=0,F48=0,G48=0,H48=0,I48=0,J48=0,K48=0,L48=0) | N48: =G48<=$T$6 | O48: =G48<=$T$12 | P48: =OR(AND(H48>=$T$4,K48<=$T$5,N48),M48) | Q48: =OR(AND(I48>=$T$10,K48<=$T$11,O48),M48)
A49: =Data!E53 | B49: =Data!G53 | C49: =Data!H53 | D49: =Data!I53 | E49: =Data!M53 | F49: =Data!O53 | G49: =E49-F49 | H49: =Data!P53 | I49: =G49+H49 | J49: =F49+G49+H49 | K49: =Data!R53 | L49: =Data!T53 | M49: =AND(E49=0,F49=0,G49=0,H49=0,I49=0,J49=0,K49=0,L49=0) | N49: =G49<=$T$6 | O49: =G49<=$T$12 | P49: =OR(AND(H49>=$T$4,K49<=$T$5,N49),M49) | Q49: =OR(AND(I49>=$T$10,K49<=$T$11,O49),M49)
A50: =Data!E54 | B50: =Data!G54 | C50: =Data!H54 | D50: =Data!I54 | E50: =Data!M54 | F50: =Data!O54 | G50: =E50-F50 | H50: =Data!P54 | I50: =G50+H50 | J50: =F50+G50+H50 | K50: =Data!R54 | L50: =Data!T54 | M50: =AND(E50=0,F50=0,G50=0,H50=0,I50=0,J50=0,K50=0,L50=0) | N50: =G50<=$T$6 | O50: =G50<=$T$12 | P50: =OR(AND(H50>=$T$4,K50<=$T$5,N50),M50) | Q50: =OR(AND(I50>=$T$10,K50<=$T$11,O50),M50)
A51: =Data!E55 | B51: =Data!G55 | C51: =Data!H55 | D51: =Data!I55 | E51: =Data!M55 | F51: =Data!O55 | G51: =E51-F51 | H51: =Data!P55 | I51: =G51+H51 | J51: =F51+G51+H51 | K51: =Data!R55 | L51: =Data!T55 | M51: =AND(E51=0,F51=0,G51=0,H51=0,I51=0,J51=0,K51=0,L51=0) | N51: =G51<=$T$6 | O51: =G51<=$T$12 | P51: =OR(AND(H51>=$T$4,K51<=$T$5,N51),M51) | Q51: =OR(AND(I51>=$T$10,K51<=$T$11,O51),M51)
A52: =Data!E56 | B52: =Data!G56 | C52: =Data!H56 | D52: =Data!I56 | E52: =Data!M56 | F52: =Data!O56 | G52: =E52-F52 | H52: =Data!P56 | I52: =G52+H52 | J52: =F52+G52+H52 | K52: =Data!R56 | L52: =Data!T56 | M52: =AND(E52=0,F52=0,G52=0,H52=0,I52=0,J52=0,K52=0,L52=0) | N52: =G52<=$T$6 | O52: =G52<=$T$12 | P52: =OR(AND(H52>=$T$4,K52<=$T$5,N52),M52) | Q52: =OR(AND(I52>=$T$10,K52<=$T$11,O52),M52)
A53: =Data!E57 | B53: =Data!G57 | C53: =Data!H57 | D53: =Data!I57 | E53: =Data!M57 | F53: =Data!O57 | G53: =E53-F53 | H53: =Data!P57 | I53: =G53+H53 | J53: =F53+G53+H53 | K53: =Data!R57 | L53: =Data!T57 | M53: =AND(E53=0,F53=0,G53=0,H53=0,I53=0,J53=0,K53=0,L53=0) | N53: =G53<=$T$6 | O53: =G53<=$T$12 | P53: =OR(AND(H53>=$T$4,K53<=$T$5,N53),M53) | Q53: =OR(AND(I53>=$T$10,K53<=$T$11,O53),M53)
A54: =Data!E58 | B54: =Data!G58 | C54: =Data!H58 | D54: =Data!I58 | E54: =Data!M58 | F54: =Data!O58 | G54: =E54-F54 | H54: =Data!P58 | I54: =G54+H54 | J54: =F54+G54+H54 | K54: =Data!R58 | L54: =Data!T58 | M54: =AND(E54=0,F54=0,G54=0,H54=0,I54=0,J54=0,K54=0,L54=0) | N54: =G54<=$T$6 | O54: =G54<=$T$12 | P54: =OR(AND(H54>=$T$4,K54<=$T$5,N54),M54) | Q54: =OR(AND(I54>=$T$10,K54<=$T$11,O54),M54)
A55: =Data!E59 | B55: =Data!G59 | C55: =Data!H59 | D55: =Data!I59 | E55: =Data!M59 | F55: =Data!O59 | G55: =E55-F55 | H55: =Data!P59 | I55: =G55+H55 | J55: =F55+G55+H55 | K55: =Data!R59 | L55: =Data!T59 | M55: =AND(E55=0,F55=0,G55=0,H55=0,I55=0,J55=0,K55=0,L55=0) | N55: =G55<=$T$6 | O55: =G55<=$T$12 | P55: =OR(AND(H55>=$T$4,K55<=$T$5,N55),M55) | Q55: =OR(AND(I55>=$T$10,K55<=$T$11,O55),M55)
A56: =Data!E60 | B56: =Data!G60 | C56: =Data!H60 | D56: =Data!I60 | E56: =Data!M60 | F56: =Data!O60 | G56: =E56-F56 | H56: =Data!P60 | I56: =G56+H56 | J56: =F56+G56+H56 | K56: =Data!R60 | L56: =Data!T60 | M56: =AND(E56=0,F56=0,G56=0,H56=0,I56=0,J56=0,K56=0,L56=0) | N56: =G56<=$T$6 | O56: =G56<=$T$12 | P56: =OR(AND(H56>=$T$4,K56<=$T$5,N56),M56) | Q56: =OR(AND(I56>=$T$10,K56<=$T$11,O56),M56)
A57: =Data!E61 | B57: =Data!G61 | C57: =Data!H61 | D57: =Data!I61 | E57: =Data!M61 | F57: =Data!O61 | G57: =E57-F57 | H57: =Data!P61 | I57: =G57+H57 | J57: =F57+G57+H57 | K57: =Data!R61 | L57: =Data!T61 | M57: =AND(E57=0,F57=0,G57=0,H57=0,I57=0,J57=0,K57=0,L57=0) | N57: =G57<=$T$6 | O57: =G57<=$T$12 | P57: =OR(AND(H57>=$T$4,K57<=$T$5,N57),M57) | Q57: =OR(AND(I57>=$T$10,K57<=$T$11,O57),M57)
A58: =Data!E63 | B58: =Data!G63 | C58: =Data!H63 | D58: =Data!I63 | E58: =Data!M63 | F58: =Data!O63 | G58: =E58-F58 | H58: =Data!P63 | I58: =G58+H58 | J58: =F58+G58+H58 | K58: =Data!R63 | L58: =Data!T63 | M58: =AND(E58=0,F58=0,G58=0,H58=0,I58=0,J58=0,K58=0,L58=0) | N58: =G58<=$T$6 | O58: =G58<=$T$12 | P58: =OR(AND(H58>=$T$4,K58<=$T$5,N58),M58) | Q58: =OR(AND(I58>=$T$10,K58<=$T$11,O58),M58)
A59: =Data!E64 | B59: =Data!G64 | C59: =Data!H64 | D59: =Data!I64 | E59: =Data!M64 | F59: =Data!O64 | G59: =E59-F59 | H59: =Data!P64 | I59: =G59+H59 | J59: =F59+G59+H59 | K59: =Data!R64 | L59: =Data!T64 | M59: =AND(E59=0,F59=0,G59=0,H59=0,I59=0,J59=0,K59=0,L59=0) | N59: =G59<=$T$6 | O59: =G59<=$T$12 | P59: =OR(AND(H59>=$T$4,K59<=$T$5,N59),M59) | Q59: =OR(AND(I59>=$T$10,K59<=$T$11,O59),M59)
A60: =Data!E65 | B60: =Data!G65 | C60: =Data!H65 | D60: =Data!I65 | E60: =Data!M65 | F60: =Data!O65 | G60: =E60-F60 | H60: =Data!P65 | I60: =G60+H60 | J60: =F60+G60+H60 | K60: =Data!R65 | L60: =Data!T65 | M60: =AND(E60=0,F60=0,G60=0,H60=0,I60=0,J60=0,K60=0,L60=0) | N60: =G60<=$T$6 | O60: =G60<=$T$12 | P60: =OR(AND(H60>=$T$4,K60<=$T$5,N60),M60) | Q60: =OR(AND(I60>=$T$10,K60<=$T$11,O60),M60)
A61: =Data!E66 | B61: =Data!G66 | C61: =Data!H66 | D61: =Data!I66 | E61: =Data!M66 | F61: =Data!O66 | G61: =E61-F61 | H61: =Data!P66 | I61: =G61+H61 | J61: =F61+G61+H61 | K61: =Data!R66 | L61: =Data!T66 | M61: =AND(E61=0,F61=0,G61=0,H61=0,I61=0,J61=0,K61=0,L61=0) | N61: =G61<=$T$6 | O61: =G61<=$T$12 | P61: =OR(AND(H61>=$T$4,K61<=$T$5,N61),M61) | Q61: =OR(AND(I61>=$T$10,K61<=$T$11,O61),M61)
A62: =Data!E67 | B62: =Data!G67 | C62: =Data!H67 | D62: =Data!I67 | E62: =Data!M67 | F62: =Data!O67 | G62: =E62-F62 | H62: =Data!P67 | I62: =G62+H62 | J62: =F62+G62+H62 | K62: =Data!R67 | L62: =Data!T67 | M62: =AND(E62=0,F62=0,G62=0,H62=0,I62=0,J62=0,K62=0,L62=0) | N62: =G62<=$T$6 | O62: =G62<=$T$12 | P62: =OR(AND(H62>=$T$4,K62<=$T$5,N62),M62) | Q62: =OR(AND(I62>=$T$10,K62<=$T$11,O62),M62)
A63: =Data!E68 | B63: =Data!G68 | C63: =Data!H68 | D63: =Data!I68 | E63: =Data!M68 | F63: =Data!O68 | G63: =E63-F63 | H63: =Data!P68 | I63: =G63+H63 | J63: =F63+G63+H63 | K63: =Data!R68 | L63: =Data!T68 | M63: =AND(E63=0,F63=0,G63=0,H63=0,I63=0,J63=0,K63=0,L63=0) | N63: =G63<=$T$6 | O63: =G63<=$T$12 | P63: =OR(AND(H63>=$T$4,K63<=$T$5,N63),M63) | Q63: =OR(AND(I63>=$T$10,K63<=$T$11,O63),M63)
A64: =Data!E69 | B64: =Data!G69 | C64: =Data!H69 | D64: =Data!I69 | E64: =Data!M69 | F64: =Data!O69 | G64: =E64-F64 | H64: =Data!P69 | I64: =G64+H64 | J64: =F64+G64+H64 | K64: =Data!R69 | L64: =Data!T69 | M64: =AND(E64=0,F64=0,G64=0,H64=0,I64=0,J64=0,K64=0,L64=0) | N64: =G64<=$T$6 | O64: =G64<=$T$12 | P64: =OR(AND(H64>=$T$4,K64<=$T$5,N64),M64) | Q64: =OR(AND(I64>=$T$10,K64<=$T$11,O64),M64)
A65: =Data!E70 | B65: =Data!G70 | C65: =Data!H70 | D65: =Data!I70 | E65: =Data!M70 | F65: =Data!O70 | G65: =E65-F65 | H65: =Data!P70 | I65: =G65+H65 | J65: =F65+G65+H65 | K65: =Data!R70 | L65: =Data!T70 | M65: =AND(E65=0,F65=0,G65=0,H65=0,I65=0,J65=0,K65=0,L65=0) | N65: =G65<=$T$6 | O65: =G65<=$T$12 | P65: =OR(AND(H65>=$T$4,K65<=$T$5,N65),M65) | Q65: =OR(AND(I65>=$T$10,K65<=$T$11,O65),M65)
A66: =Data!E71 | B66: =Data!G71 | C66: =Data!H71 | D66: =Data!I71 | E66: =Data!M71 | F66: =Data!O71 | G66: =E66-F66 | H66: =Data!P71 | I66: =G66+H66 | J66: =F66+G66+H66 | K66: =Data!R71 | L66: =Data!T71 | M66: =AND(E66=0,F66=0,G66=0,H66=0,I66=0,J66=0,K66=0,L66=0) | N66: =G66<=$T$6 | O66: =G66<=$T$12 | P66: =OR(AND(H66>=$T$4,K66<=$T$5,N66),M66) | Q66: =OR(AND(I66>=$T$10,K66<=$T$11,O66),M66)
A67: =Data!E72 | B67: =Data!G72 | C67: =Data!H72 | D67: =Data!I72 | E67: =Data!M72 | F67: =Data!O72 | G67: =E67-F67 | H67: =Data!P72 | I67: =G67+H67 | J67: =F67+G67+H67 | K67: =Data!R72 | L67: =Data!T72 | M67: =AND(E67=0,F67=0,G67=0,H67=0,I67=0,J67=0,K67=0,L67=0) | N67: =G67<=$T$6 | O67: =G67<=$T$12 | P67: =OR(AND(H67>=$T$4,K67<=$T$5,N67),M67) | Q67: =OR(AND(I67>=$T$10,K67<=$T$11,O67),M67)
A68: =Data!E73 | B68: =Data!G73 | C68: =Data!H73 | D68: =Data!I73 | E68: =Data!M73 | F68: =Data!O73 | G68: =E68-F68 | H68: =Data!P73 | I68: =G68+H68 | J68: =F68+G68+H68 | K68: =Data!R73 | L68: =Data!T73 | M68: =AND(E68=0,F68=0,G68=0,H68=0,I68=0,J68=0,K68=0,L68=0) | N68: =G68<=$T$6 | O68: =G68<=$T$12 | P68: =OR(AND(H68>=$T$4,K68<=$T$5,N68),M68) | Q68: =OR(AND(I68>=$T$10,K68<=$T$11,O68),M68)
A69: =Data!E74 | B69: =Data!G74 | C69: =Data!H74 | D69: =Data!I74 | E69: =Data!M74 | F69: =Data!O74 | G69: =E69-F69 | H69: =Data!P74 | I69: =G69+H69 | J69: =F69+G69+H69 | K69: =Data!R74 | L69: =Data!T74 | M69: =AND(E69=0,F69=0,G69=0,H69=0,I69=0,J69=0,K69=0,L69=0) | N69: =G69<=$T$6 | O69: =G69<=$T$12 | P69: =OR(AND(H69>=$T$4,K69<=$T$5,N69),M69) | Q69: =OR(AND(I69>=$T$10,K69<=$T$11,O69),M69)
... A71: =Data!E76 | B71: =Data!G76 | C71: =Data!H76 | D71: =Data!I76 | E71: =Data!M76 | F71: =Data!O76 | G71: =E71-F71 | H71: =Data!P76 | I71: =G71+H71 | J71: =F71+G71+H71 | K71: =Data!R76 | L71: =Data!T76 | M71: =AND(E71=0,F71=0,G71=0,H71=0,I71=0,J71=0,K71=0,L71=0) | N71: =G71<=$T$6 | O71: =G71<=$T$12 | P71: =OR(AND(H71>=$T$4,K71<=$T$5,N71),M71) | Q71: =OR(AND(I71>=$T$10,K71<=$T$11,O71),M71)
A72: =Data!E78 | B72: =Data!G78 | C72: =Data!H78 | D72: =Data!I78 | E72: =Data!M78 | F72: =Data!O78 | G72: =E72-F72 | H72: =Data!P78 | I72: =G72+H72 | J72: =F72+G72+H72 | K72: =Data!R78 | L72: =Data!T78 | M72: =AND(E72=0,F72=0,G72=0,H72=0,I72=0,J72=0,K72=0,L72=0) | N72: =G72<=$T$6 | O72: =G72<=$T$12 | P72: =OR(AND(H72>=$T$4,K72<=$T$5,N72),M72) | Q72: =OR(AND(I72>=$T$10,K72<=$T$11,O72),M72)
A73: =Data!E79 | B73: =Data!G79 | C73: =Data!H79 | D73: =Data!I79 | E73: =Data!M79 | F73: =Data!O79 | G73: =E73-F73 | H73: =Data!P79 | I73: =G73+H73 | J73: =F73+G73+H73 | K73: =Data!R79 | L73: =Data!T79 | M73: =AND(E73=0,F73=0,G73=0,H73=0,I73=0,J73=0,K73=0,L73=0) | N73: =G73<=$T$6 | O73: =G73<=$T$12 | P73: =OR(AND(H73>=$T$4,K73<=$T$5,N73),M73) | Q73: =OR(AND(I73>=$T$10,K73<=$T$11,O73),M73)
A74: =Data!E80 | B74: =Data!G80 | C74: =Data!H80 | D74: =Data!I80 | E74: =Data!M80 | F74: =Data!O80 | G74: =E74-F74 | H74: =Data!P80 | I74: =G74+H74 | J74: =F74+G74+H74 | K74: =Data!R80 | L74: =Data!T80 | M74: =AND(E74=0,F74=0,G74=0,H74=0,I74=0,J74=0,K74=0,L74=0) | N74: =G74<=$T$6 | O74: =G74<=$T$12 | P74: =OR(AND(H74>=$T$4,K74<=$T$5,N74),M74) | Q74: =OR(AND(I74>=$T$10,K74<=$T$11,O74),M74)
A75: =Data!E81 | B75: =Data!G81 | C75: =Data!H81 | D75: =Data!I81 | E75: =Data!M81 | F75: =Data!O81 | G75: =E75-F75 | H75: =Data!P81 | I75: =G75+H75 | J75: =F75+G75+H75 | K75: =Data!R81 | L75: =Data!T81 | M75: =AND(E75=0,F75=0,G75=0,H75=0,I75=0,J75=0,K75=0,L75=0) | N75: =G75<=$T$6 | O75: =G75<=$T$12 | P75: =OR(AND(H75>=$T$4,K75<=$T$5,N75),M75) | Q75: =OR(AND(I75>=$T$10,K75<=$T$11,O75),M75)
A76: =Data!E82 | B76: =Data!G82 | C76: =Data!H82 | D76: =Data!I82 | E76: =Data!M82 | F76: =Data!O82 | G76: =E76-F76 | H76: =Data!P82 | I76: =G76+H76 | J76: =F76+G76+H76 | K76: =Data!R82 | L76: =Data!T82 | M76: =AND(E76=0,F76=0,G76=0,H76=0,I76=0,J76=0,K76=0,L76=0) | N76: =G76<=$T$6 | O76: =G76<=$T$12 | P76: =OR(AND(H76>=$T$4,K76<=$T$5,N76),M76) | Q76: =OR(AND(I76>=$T$10,K76<=$T$11,O76),M76)
A77: =Data!E83 | B77: =Data!G83 | C77: =Data!H83 | D77: =Data!I83 | E77: =Data!M83 | F77: =Data!O83 | G77: =E77-F77 | H77: =Data!P83 | I77: =G77+H77 | J77: =F77+G77+H77 | K77: =Data!R83 | L77: =Data!T83 | M77: =AND(E77=0,F77=0,G77=0,H77=0,I77=0,J77=0,K77=0,L77=0) | N77: =G77<=$T$6 | O77: =G77<=$T$12 | P77: =OR(AND(H77>=$T$4,K77<=$T$5,N77),M77) | Q77: =OR(AND(I77>=$T$10,K77<=$T$11,O77),M77)
A78: =Data!E84 | B78: =Data!G84 | C78: =Data!H84 | D78: =Data!I84 | E78: =Data!M84 | F78: =Data!O84 | G78: =E78-F78 | H78: =Data!P84 | I78: =G78+H78 | J78: =F78+G78+H78 | K78: =Data!R84 | L78: =Data!T84 | M78: =AND(E78=0,F78=0,G78=0,H78=0,I78=0,J78=0,K78=0,L78=0) | N78: =G78<=$T$6 | O78: =G78<=$T$12 | P78: =OR(AND(H78>=$T$4,K78<=$T$5,N78),M78) | Q78: =OR(AND(I78>=$T$10,K78<=$T$11,O78),M78)
A79: =Data!E85 | B79: =Data!G85 | C79: =Data!H85 | D79: =Data!I85 | E79: =Data!M85 | F79: =Data!O85 | G79: =E79-F79 | H79: =Data!P85 | I79: =G79+H79 | J79: =F79+G79+H79 | K79: =Data!R85 | L79: =Data!T85 | M79: =AND(E79=0,F79=0,G79=0,H79=0,I79=0,J79=0,K79=0,L79=0) | N79: =G79<=$T$6 | O79: =G79<=$T$12 | P79: =OR(AND(H79>=$T$4,K79<=$T$5,N79),M79) | Q79: =OR(AND(I79>=$T$10,K79<=$T$11,O79),M79)
A80: =Data!E86 | B80: =Data!G86 | C80: =Data!H86 | D80: =Data!I86 | E80: =Data!M86 | F80: =Data!O86 | G80: =E80-F80 | H80: =Data!P86 | I80: =G80+H80 | J80: =F80+G80+H80 | K80: =Data!R86 | L80: =Data!T86 | M80: =AND(E80=0,F80=0,G80=0,H80=0,I80=0,J80=0,K80=0,L80=0) | N80: =G80<=$T$6 | O80: =G80<=$T$12 | P80: =OR(AND(H80>=$T$4,K80<=$T$5,N80),M80) | Q80: =OR(AND(I80>=$T$10,K80<=$T$11,O80),M80)
A81: =Data!E87 | B81: =Data!G87 | C81: =Data!H87 | D81: =Data!I87 | E81: =Data!M87 | F81: =Data!O87 | G81: =E81-F81 | H81: =Data!P87 | I81: =G81+H81 | J81: =F81+G81+H81 | K81: =Data!R87 | L81: =Data!T87 | M81: =AND(E81=0,F81=0,G81=0,H81=0,I81=0,J81=0,K81=0,L81=0) | N81: =G81<=$T$6 | O81: =G81<=$T$12 | P81: =OR(AND(H81>=$T$4,K81<=$T$5,N81),M81) | Q81: =OR(AND(I81>=$T$10,K81<=$T$11,O81),M81)
A82: =Data!E88 | B82: =Data!G88 | C82: =Data!H88 | D82: =Data!I88 | E82: =Data!M88 | F82: =Data!O88 | G82: =E82-F82 | H82: =Data!P88 | I82: =G82+H82 | J82: =F82+G82+H82 | K82: =Data!R88 | L82: =Data!T88 | M82: =AND(E82=0,F82=0,G82=0,H82=0,I82=0,J82=0,K82=0,L82=0) | N82: =G82<=$T$6 | O82: =G82<=$T$12 | P82: =OR(AND(H82>=$T$4,K82<=$T$5,N82),M82) | Q82: =OR(AND(I82>=$T$10,K82<=$T$11,O82),M82)
A83: =Data!E90 | B83: =Data!G90 | C83: =Data!H90 | D83: =Data!I90 | E83: =Data!M90 | F83: =Data!O90 | G83: =E83-F83 | H83: =Data!P90 | I83: =G83+H83 | J83: =F83+G83+H83 | K83: =Data!R90 | L83: =Data!T90 | M83: =AND(E83=0,F83=0,G83=0,H83=0,I83=0,J83=0,K83=0,L83=0) | N83: =G83<=$T$6 | O83: =G83<=$T$12 | P83: =OR(AND(H83>=$T$4,K83<=$T$5,N83),M83) | Q83: =OR(AND(I83>=$T$10,K83<=$T$11,O83),M83)
A84: =Data!E91 | B84: =Data!G91 | C84: =Data!H91 | D84: =Data!I91 | E84: =Data!M91 | F84: =Data!O91 | G84: =E84-F84 | H84: =Data!P91 | I84: =G84+H84 | J84: =F84+G84+H84 | K84: =Data!R91 | L84: =Data!T91 | M84: =AND(E84=0,F84=0,G84=0,H84=0,I84=0,J84=0,K84=0,L84=0) | N84: =G84<=$T$6 | O84: =G84<=$T$12 | P84: =OR(AND(H84>=$T$4,K84<=$T$5,N84),M84) | Q84: =OR(AND(I84>=$T$10,K84<=$T$11,O84),M84)
A85: =Data!E92 | B85: =Data!G92 | C85: =Data!H92 | D85: =Data!I92 | E85: =Data!M92 | F85: =Data!O92 | G85: =E85-F85 | H85: =Data!P92 | I85: =G85+H85 | J85: =F85+G85+H85 | K85: =Data!R92 | L85: =Data!T92 | M85: =AND(E85=0,F85=0,G85=0,H85=0,I85=0,J85=0,K85=0,L85=0) | N85: =G85<=$T$6 | O85: =G85<=$T$12 | P85: =OR(AND(H85>=$T$4,K85<=$T$5,N85),M85) | Q85: =OR(AND(I85>=$T$10,K85<=$T$11,O85),M85)
A86: =Data!E93 | B86: =Data!G93 | C86: =Data!H93 | D86: =Data!I93 | E86: =Data!M93 | F86: =Data!O93 | G86: =E86-F86 | H86: =Data!P93 | I86: =G86+H86 | J86: =F86+G86+H86 | K86: =Data!R93 | L86: =Data!T93 | M86: =AND(E86=0,F86=0,G86=0,H86=0,I86=0,J86=0,K86=0,L86=0) | N86: =G86<=$T$6 | O86: =G86<=$T$12 | P86: =OR(AND(H86>=$T$4,K86<=$T$5,N86),M86) | Q86: =OR(AND(I86>=$T$10,K86<=$T$11,O86),M86)
A87: =Data!E94 | B87: =Data!G94 | C87: =Data!H94 | D87: =Data!I94 | E87: =Data!M94 | F87: =Data!O94 | G87: =E87-F87 | H87: =Data!P94 | I87: =G87+H87 | J87: =F87+G87+H87 | K87: =Data!R94 | L87: =Data!T94 | M87: =AND(E87=0,F87=0,G87=0,H87=0,I87=0,J87=0,K87=0,L87=0) | N87: =G87<=$T$6 | O87: =G87<=$T$12 | P87: =OR(AND(H87>=$T$4,K87<=$T$5,N87),M87) | Q87: =OR(AND(I87>=$T$10,K87<=$T$11,O87),M87)
A88: =Data!E95 | B88: =Data!G95 | C88: =Data!H95 | D88: =Data!I95 | E88: =Data!M95 | F88: =Data!O95 | G88: =E88-F88 | H88: =Data!P95 | I88: =G88+H88 | J88: =F88+G88+H88 | K88: =Data!R95 | L88: =Data!T95 | M88: =AND(E88=0,F88=0,G88=0,H88=0,I88=0,J88=0,K88=0,L88=0) | N88: =G88<=$T$6 | O88: =G88<=$T$12 | P88: =OR(AND(H88>=$T$4,K88<=$T$5,N88),M88) | Q88: =OR(AND(I88>=$T$10,K88<=$T$11,O88),M88)
A89: =Data!E96 | B89: =Data!G96 | C89: =Data!H96 | D89: =Data!I96 | E89: =Data!M96 | F89: =Data!O96 | G89: =E89-F89 | H89: =Data!P96 | I89: =G89+H89 | J89: =F89+G89+H89 | K89: =Data!R96 | L89: =Data!T96 | M89: =AND(E89=0,F89=0,G89=0,H89=0,I89=0,J89=0,K89=0,L89=0) | N89: =G89<=$T$6 | O89: =G89<=$T$12 | P89: =OR(AND(H89>=$T$4,K89<=$T$5,N89),M89) | Q89: =OR(AND(I89>=$T$10,K89<=$T$11,O89),M89)
A90: =Data!E97 | B90: =Data!G97 | C90: =Data!H97 | D90: =Data!I97 | E90: =Data!M97 | F90: =Data!O97 | G90: =E90-F90 | H90: =Data!P97 | I90: =G90+H90 | J90: =F90+G90+H90 | K90: =Data!R97 | L90: =Data!T97 | M90: =AND(E90=0,F90=0,G90=0,H90=0,I90=0,J90=0,K90=0,L90=0) | N90: =G90<=$T$6 | O90: =G90<=$T$12 | P90: =OR(AND(H90>=$T$4,K90<=$T$5,N90),M90) | Q90: =OR(AND(I90>=$T$10,K90<=$T$11,O90),M90)
A91: =Data!E98 | B91: =Data!G98 | C91: =Data!H98 | D91: =Data!I98 | E91: =Data!M98 | F91: =Data!O98 | G91: =E91-F91 | H91: =Data!P98 | I91: =G91+H91 | J91: =F91+G91+H91 | K91: =Data!R98 | L91: =Data!T98 | M91: =AND(E91=0,F91=0,G91=0,H91=0,I91=0,J91=0,K91=0,L91=0) | N91: =G91<=$T$6 | O91: =G91<=$T$12 | P91: =OR(AND(H91>=$T$4,K91<=$T$5,N91),M91) | Q91: =OR(AND(I91>=$T$10,K91<=$T$11,O91),M91)
A92: =Data!E99 | B92: =Data!G99 | C92: =Data!H99 | D92: =Data!I99 | E92: =Data!M99 | F92: =Data!O99 | G92: =E92-F92 | H92: =Data!P99 | I92: =G92+H92 | J92: =F92+G92+H92 | K92: =Data!R99 | L92: =Data!T99 | M92: =AND(E92=0,F92=0,G92=0,H92=0,I92=0,J92=0,K92=0,L92=0) | N92: =G92<=$T$6 | O92: =G92<=$T$12 | P92: =OR(AND(H92>=$T$4,K92<=$T$5,N92),M92) | Q92: =OR(AND(I92>=$T$10,K92<=$T$11,O92),M92)
A93: =Data!E100 | B93: =Data!G100 | C93: =Data!H100 | D93: =Data!I100 | E93: =Data!M100 | F93: =Data!O100 | G93: =E93-F93 | H93: =Data!P100 | I93: =G93+H93 | J93: =F93+G93+H93 | K93: =Data!R100 | L93: =Data!T100 | M93: =AND(E93=0,F93=0,G93=0,H93=0,I93=0,J93=0,K93=0,L93=0) | N93: =G93<=$T$6 | O93: =G93<=$T$12 | P93: =OR(AND(H93>=$T$4,K93<=$T$5,N93),M93) | Q93: =OR(AND(I93>=$T$10,K93<=$T$11,O93),M93)
A94: =Data!E101 | B94: =Data!G101 | C94: =Data!H101 | D94: =Data!I101 | E94: =Data!M101 | F94: =Data!O101 | G94: =E94-F94 | H94: =Data!P101 | I94: =G94+H94 | J94: =F94+G94+H94 | K94: =Data!R101 | L94: =Data!T101 | M94: =AND(E94=0,F94=0,G94=0,H94=0,I94=0,J94=0,K94=0,L94=0) | N94: =G94<=$T$6 | O94: =G94<=$T$12 | P94: =OR(AND(H94>=$T$4,K94<=$T$5,N94),M94) | Q94: =OR(AND(I94>=$T$10,K94<=$T$11,O94),M94)
A95: =Data!E103 | B95: =Data!G103 | C95: =Data!H103 | D95: =Data!I103 | E95: =Data!M103 | F95: =Data!O103 | G95: =E95-F95 | H95: =Data!P103 | I95: =G95+H95 | J95: =F95+G95+H95 | K95: =Data!R103 | L95: =Data!T103 | M95: =AND(E95=0,F95=0,G95=0,H95=0,I95=0,J95=0,K95=0,L95=0) | N95: =G95<=$T$6 | O95: =G95<=$T$12 | P95: =OR(AND(H95>=$T$4,K95<=$T$5,N95),M95) | Q95: =OR(AND(I95>=$T$10,K95<=$T$11,O95),M95)
A96: =Data!E104 | B96: =Data!G104 | C96: =Data!H104 | D96: =Data!I104 | E96: =Data!M104 | F96: =Data!O104 | G96: =E96-F96 | H96: =Data!P104 | I96: =G96+H96 | J96: =F96+G96+H96 | K96: =Data!R104 | L96: =Data!T104 | M96: =AND(E96=0,F96=0,G96=0,H96=0,I96=0,J96=0,K96=0,L96=0) | N96: =G96<=$T$6 | O96: =G96<=$T$12 | P96: =OR(AND(H96>=$T$4,K96<=$T$5,N96),M96) | Q96: =OR(AND(I96>=$T$10,K96<=$T$11,O96),M96)
A97: =Data!E105 | B97: =Data!G105 | C97: =Data!H105 | D97: =Data!I105 | E97: =Data!M105 | F97: =Data!O105 | G97: =E97-F97 | H97: =Data!P105 | I97: =G97+H97 | J97: =F97+G97+H97 | K97: =Data!R105 | L97: =Data!T105 | M97: =AND(E97=0,F97=0,G97=0,H97=0,I97=0,J97=0,K97=0,L97=0) | N97: =G97<=$T$6 | O97: =G97<=$T$12 | P97: =OR(AND(H97>=$T$4,K97<=$T$5,N97),M97) | Q97: =OR(AND(I97>=$T$10,K97<=$T$11,O97),M97)
A98: =Data!E106 | B98: =Data!G106 | C98: =Data!H106 | D98: =Data!I106 | E98: =Data!M106 | F98: =Data!O106 | G98: =E98-F98 | H98: =Data!P106 | I98: =G98+H98 | J98: =F98+G98+H98 | K98: =Data!R106 | L98: =Data!T106 | M98: =AND(E98=0,F98=0,G98=0,H98=0,I98=0,J98=0,K98=0,L98=0) | N98: =G98<=$T$6 | O98: =G98<=$T$12 | P98: =OR(AND(H98>=$T$4,K98<=$T$5,N98),M98) | Q98: =OR(AND(I98>=$T$10,K98<=$T$11,O98),M98)
A99: =Data!E107 | B99: =Data!G107 | C99: =Data!H107 | D99: =Data!I107 | E99: =Data!M107 | F99: =Data!O107 | G99: =E99-F99 | H99: =Data!P107 | I99: =G99+H99 | J99: =F99+G99+H99 | K99: =Data!R107 | L99: =Data!T107 | M99: =AND(E99=0,F99=0,G99=0,H99=0,I99=0,J99=0,K99=0,L99=0) | N99: =G99<=$T$6 | O99: =G99<=$T$12 | P99: =OR(AND(H99>=$T$4,K99<=$T$5,N99),M99) | Q99: =OR(AND(I99>=$T$10,K99<=$T$11,O99),M99)
A100: =Data!E108 | B100: =Data!G108 | C100: =Data!H108 | D100: =Data!I108 | E100: =Data!M108 | F100: =Data!O108 | G100: =E100-F100 | H100: =Data!P108 | I100: =G100+H100 | J100: =F100+G100+H100 | K100: =Data!R108 | L100: =Data!T108 | M100: =AND(E100=0,F100=0,G100=0,H100=0,I100=0,J100=0,K100=0,L100=0) | N100: =G100<=$T$6 | O100: =G100<=$T$12 | P100: =OR(AND(H100>=$T$4,K100<=$T$5,N100),M100) | Q100: =OR(AND(I100>=$T$10,K100<=$T$11,O100),M100)
A101: =Data!E109 | B101: =Data!G109 | C101: =Data!H109 | D101: =Data!I109 | E101: =Data!M109 | F101: =Data!O109 | G101: =E101-F101 | H101: =Data!P109 | I101: =G101+H101 | J101: =F101+G101+H101 | K101: =Data!R109 | L101: =Data!T109 | M101: =AND(E101=0,F101=0,G101=0,H101=0,I101=0,J101=0,K101=0,L101=0) | N101: =G101<=$T$6 | O101: =G101<=$T$12 | P101: =OR(AND(H101>=$T$4,K101<=$T$5,N101),M101) | Q101: =OR(AND(I101>=$T$10,K101<=$T$11,O101),M101)
A102: =Data!E110 | B102: =Data!G110 | C102: =Data!H110 | D102: =Data!I110 | E102: =Data!M110 | F102: =Data!O110 | G102: =E102-F102 | H102: =Data!P110 | I102: =G102+H102 | J102: =F102+G102+H102 | K102: =Data!R110 | L102: =Data!T110 | M102: =AND(E102=0,F102=0,G102=0,H102=0,I102=0,J102=0,K102=0,L102=0) | N102: =G102<=$T$6 | O102: =G102<=$T$12 | P102: =OR(AND(H102>=$T$4,K102<=$T$5,N102),M102) | Q102: =OR(AND(I102>=$T$10,K102<=$T$11,O102),M102)
...

Sheet byIntensity
E2: min_kick_ms | F2: max_kick_ms | G2: min_on_ms | H2: max_on_ms | I2: min_real_on_ms | J2: max_real_on_ms | O2: min_kick_ms | P2: max_kick_ms | Q2: min_on_ms | R2: max_on_ms | S2: min_real_on_ms | T2: max_real_on_ms | Y2: min_kick_ms | Z2: max_kick_ms | AA2: min_on_ms | AB2: max_on_ms | AC2: min_real_on_ms | AD2: max_real_on_ms
B3: %6, 4.2V, %100 | D3: on_ms | E3: =_xlfn.MINIFS(Data_new!$D$2:$D$2639,Data_new!$A$2:$A$2639,4.2,Data_new!$B$2:$B$2639,VALUE(MID($B$3,2,FIND(",",$B$3)-2)),Data_new!$C$2:$C$2639,100,Data_new!$P$2:$P$2639,TRUE) | F3: =_xlfn.MAXIFS(Data_new!$D$2:$D$2639,Data_new!$A$2:$A$2639,4.2,Data_new!$B$2:$B$2639,VALUE(MID($B$3,2,FIND(",",$B$3)-2)),Data_new!$C$2:$C$2639,100,Data_new!$P$2:$P$2639,TRUE) | G3: =_xlfn.MINIFS(Data_new!$H$2:$H$2639,Data_new!$A$2:$A$2639,4.2,Data_new!$B$2:$B$2639,VALUE(MID($B$3,2,FIND(",",$B$3)-2)),Data_new!$C$2:$C$2639,100,Data_new!$P$2:$P$2639,TRUE) | H3: =_xlfn.MAXIFS(Data_new!$H$2:$H$2639,Data_new!$A$2:$A$2639,4.2,Data_new!$B$2:$B$2639,VALUE(MID($B$3,2,FIND(",",$B$3)-2)),Data_new!$C$2:$C$2639,100,Data_new!$P$2:$P$2639,TRUE) | I3: nan | J3: nan | L3: %6, 4.2V, %80 | N3: on_ms | O3: =_xlfn.MINIFS(Data_new!$D$2:$D$2639,Data_new!$A$2:$A$2639,4.2,Data_new!$B$2:$B$2639,VALUE(MID($L$3,2,FIND(",",$L$3)-2)),Data_new!$C$2:$C$2639,80,Data_new!$P$2:$P$2639,TRUE) | P3: =_xlfn.MAXIFS(Data_new!$D$2:$D$2639,Data_new!$A$2:$A$2639,4.2,Data_new!$B$2:$B$2639,VALUE(MID($L$3,2,FIND(",",$L$3)-2)),Data_new!$C$2:$C$2639,80,Data_new!$P$2:$P$2639,TRUE) | Q3: =_xlfn.MINIFS(Data_new!$H$2:$H$2639,Data_new!$A$2:$A$2639,4.2,Data_new!$B$2:$B$2639,VALUE(MID($L$3,2,FIND(",",$L$3)-2)),Data_new!$C$2:$C$2639,80,Data_new!$P$2:$P$2639,TRUE) | R3: =_xlfn.MAXIFS(Data_new!$H$2:$H$2639,Data_new!$A$2:$A$2639,4.2,Data_new!$B$2:$B$2639,VALUE(MID($L$3,2,FIND(",",$L$3)-2)),Data_new!$C$2:$C$2639,80,Data_new!$P$2:$P$2639,TRUE) | S3: nan | T3: nan | V3: %6, 4.2V, %60 | X3: on_ms | Y3: =_xlfn.MINIFS(Data_new!$D$2:$D$2639,Data_new!$A$2:$A$2639,4.2,Data_new!$B$2:$B$2639,VALUE(MID($V$3,2,FIND(",",$V$3)-2)),Data_new!$C$2:$C$2639,60,Data_new!$P$2:$P$2639,TRUE) | Z3: =_xlfn.MAXIFS(Data_new!$D$2:$D$2639,Data_new!$A$2:$A$2639,4.2,Data_new!$B$2:$B$2639,VALUE(MID($V$3,2,FIND(",",$V$3)-2)),Data_new!$C$2:$C$2639,60,Data_new!$P$2:$P$2639,TRUE) | AA3: =_xlfn.MINIFS(Data_new!$H$2:$H$2639,Data_new!$A$2:$A$2639,4.2,Data_new!$B$2:$B$2639,VALUE(MID($V$3,2,FIND(",",$V$3)-2)),Data_new!$C$2:$C$2639,60,Data_new!$P$2:$P$2639,TRUE) | AB3: =_xlfn.MAXIFS(Data_new!$H$2:$H$2639,Data_new!$A$2:$A$2639,4.2,Data_new!$B$2:$B$2639,VALUE(MID($V$3,2,FIND(",",$V$3)-2)),Data_new!$C$2:$C$2639,60,Data_new!$P$2:$P$2639,TRUE) | AC3: nan | AD3: nan
D4: real_on_ms | E4: =_xlfn.MINIFS(Data_new!$D$2:$D$2639,Data_new!$A$2:$A$2639,4.2,Data_new!$B$2:$B$2639,VALUE(MID($B$3,2,FIND(",",$B$3)-2)),Data_new!$C$2:$C$2639,100,Data_new!$Q$2:$Q$2639,TRUE) | F4: =_xlfn.MAXIFS(Data_new!$D$2:$D$2639,Data_new!$A$2:$A$2639,4.2,Data_new!$B$2:$B$2639,VALUE(MID($B$3,2,FIND(",",$B$3)-2)),Data_new!$C$2:$C$2639,100,Data_new!$Q$2:$Q$2639,TRUE) | G4: nan | H4: nan | I4: =_xlfn.MINIFS(Data_new!$I$2:$I$2639,Data_new!$A$2:$A$2639,4.2,Data_new!$B$2:$B$2639,VALUE(MID($B$3,2,FIND(",",$B$3)-2)),Data_new!$C$2:$C$2639,100,Data_new!$Q$2:$Q$2639,TRUE) | J4: =_xlfn.MAXIFS(Data_new!$I$2:$I$2639,Data_new!$A$2:$A$2639,4.2,Data_new!$B$2:$B$2639,VALUE(MID($B$3,2,FIND(",",$B$3)-2)),Data_new!$C$2:$C$2639,100,Data_new!$Q$2:$Q$2639,TRUE) | N4: real_on_ms | O4: =_xlfn.MINIFS(Data_new!$D$2:$D$2639,Data_new!$A$2:$A$2639,4.2,Data_new!$B$2:$B$2639,VALUE(MID($L$3,2,FIND(",",$L$3)-2)),Data_new!$C$2:$C$2639,80,Data_new!$Q$2:$Q$2639,TRUE) | P4: =_xlfn.MAXIFS(Data_new!$D$2:$D$2639,Data_new!$A$2:$A$2639,4.2,Data_new!$B$2:$B$2639,VALUE(MID($L$3,2,FIND(",",$L$3)-2)),Data_new!$C$2:$C$2639,80,Data_new!$Q$2:$Q$2639,TRUE) | Q4: nan | R4: nan | S4: =_xlfn.MINIFS(Data_new!$I$2:$I$2639,Data_new!$A$2:$A$2639,4.2,Data_new!$B$2:$B$2639,VALUE(MID($L$3,2,FIND(",",$L$3)-2)),Data_new!$C$2:$C$2639,80,Data_new!$Q$2:$Q$2639,TRUE) | T4: =_xlfn.MAXIFS(Data_new!$I$2:$I$2639,Data_new!$A$2:$A$2639,4.2,Data_new!$B$2:$B$2639,VALUE(MID($L$3,2,FIND(",",$L$3)-2)),Data_new!$C$2:$C$2639,80,Data_new!$Q$2:$Q$2639,TRUE) | X4: real_on_ms | Y4: =_xlfn.MINIFS(Data_new!$D$2:$D$2639,Data_new!$A$2:$A$2639,4.2,Data_new!$B$2:$B$2639,VALUE(MID($V$3,2,FIND(",",$V$3)-2)),Data_new!$C$2:$C$2639,60,Data_new!$Q$2:$Q$2639,TRUE) | Z4: =_xlfn.MAXIFS(Data_new!$D$2:$D$2639,Data_new!$A$2:$A$2639,4.2,Data_new!$B$2:$B$2639,VALUE(MID($V$3,2,FIND(",",$V$3)-2)),Data_new!$C$2:$C$2639,60,Data_new!$Q$2:$Q$2639,TRUE) | AA4: nan | AB4: nan | AC4: =_xlfn.MINIFS(Data_new!$I$2:$I$2639,Data_new!$A$2:$A$2639,4.2,Data_new!$B$2:$B$2639,VALUE(MID($V$3,2,FIND(",",$V$3)-2)),Data_new!$C$2:$C$2639,60,Data_new!$Q$2:$Q$2639,TRUE) | AD4: =_xlfn.MAXIFS(Data_new!$I$2:$I$2639,Data_new!$A$2:$A$2639,4.2,Data_new!$B$2:$B$2639,VALUE(MID($V$3,2,FIND(",",$V$3)-2)),Data_new!$C$2:$C$2639,60,Data_new!$Q$2:$Q$2639,TRUE)
B6: %7, 4.2V, %100 | D6: on_ms | E6: =_xlfn.MINIFS(Data_new!$D$2:$D$2639,Data_new!$A$2:$A$2639,4.2,Data_new!$B$2:$B$2639,VALUE(MID($B$6,2,FIND(",",$B$6)-2)),Data_new!$C$2:$C$2639,100,Data_new!$P$2:$P$2639,TRUE) | F6: =_xlfn.MAXIFS(Data_new!$D$2:$D$2639,Data_new!$A$2:$A$2639,4.2,Data_new!$B$2:$B$2639,VALUE(MID($B$6,2,FIND(",",$B$6)-2)),Data_new!$C$2:$C$2639,100,Data_new!$P$2:$P$2639,TRUE) | G6: =_xlfn.MINIFS(Data_new!$H$2:$H$2639,Data_new!$A$2:$A$2639,4.2,Data_new!$B$2:$B$2639,VALUE(MID($B$6,2,FIND(",",$B$6)-2)),Data_new!$C$2:$C$2639,100,Data_new!$P$2:$P$2639,TRUE) | H6: =_xlfn.MAXIFS(Data_new!$H$2:$H$2639,Data_new!$A$2:$A$2639,4.2,Data_new!$B$2:$B$2639,VALUE(MID($B$6,2,FIND(",",$B$6)-2)),Data_new!$C$2:$C$2639,100,Data_new!$P$2:$P$2639,TRUE) | I6: nan | J6: nan | L6: %7, 4.2V, %80 | N6: on_ms | O6: =_xlfn.MINIFS(Data_new!$D$2:$D$2639,Data_new!$A$2:$A$2639,4.2,Data_new!$B$2:$B$2639,VALUE(MID($L$6,2,FIND(",",$L$6)-2)),Data_new!$C$2:$C$2639,80,Data_new!$P$2:$P$2639,TRUE) | P6: =_xlfn.MAXIFS(Data_new!$D$2:$D$2639,Data_new!$A$2:$A$2639,4.2,Data_new!$B$2:$B$2639,VALUE(MID($L$6,2,FIND(",",$L$6)-2)),Data_new!$C$2:$C$2639,80,Data_new!$P$2:$P$2639,TRUE) | Q6: =_xlfn.MINIFS(Data_new!$H$2:$H$2639,Data_new!$A$2:$A$2639,4.2,Data_new!$B$2:$B$2639,VALUE(MID($L$6,2,FIND(",",$L$6)-2)),Data_new!$C$2:$C$2639,80,Data_new!$P$2:$P$2639,TRUE) | R6: =_xlfn.MAXIFS(Data_new!$H$2:$H$2639,Data_new!$A$2:$A$2639,4.2,Data_new!$B$2:$B$2639,VALUE(MID($L$6,2,FIND(",",$L$6)-2)),Data_new!$C$2:$C$2639,80,Data_new!$P$2:$P$2639,TRUE) | S6: nan | T6: nan | V6: %7, 4.2V, %60 | X6: on_ms | Y6: =_xlfn.MINIFS(Data_new!$D$2:$D$2639,Data_new!$A$2:$A$2639,4.2,Data_new!$B$2:$B$2639,VALUE(MID($V$6,2,FIND(",",$V$6)-2)),Data_new!$C$2:$C$2639,60,Data_new!$P$2:$P$2639,TRUE) | Z6: =_xlfn.MAXIFS(Data_new!$D$2:$D$2639,Data_new!$A$2:$A$2639,4.2,Data_new!$B$2:$B$2639,VALUE(MID($V$6,2,FIND(",",$V$6)-2)),Data_new!$C$2:$C$2639,60,Data_new!$P$2:$P$2639,TRUE) | AA6: =_xlfn.MINIFS(Data_new!$H$2:$H$2639,Data_new!$A$2:$A$2639,4.2,Data_new!$B$2:$B$2639,VALUE(MID($V$6,2,FIND(",",$V$6)-2)),Data_new!$C$2:$C$2639,60,Data_new!$P$2:$P$2639,TRUE) | AB6: =_xlfn.MAXIFS(Data_new!$H$2:$H$2639,Data_new!$A$2:$A$2639,4.2,Data_new!$B$2:$B$2639,VALUE(MID($V$6,2,FIND(",",$V$6)-2)),Data_new!$C$2:$C$2639,60,Data_new!$P$2:$P$2639,TRUE) | AC6: nan | AD6: nan
D7: real_on_ms | E7: =_xlfn.MINIFS(Data_new!$D$2:$D$2639,Data_new!$A$2:$A$2639,4.2,Data_new!$B$2:$B$2639,VALUE(MID($B$6,2,FIND(",",$B$6)-2)),Data_new!$C$2:$C$2639,100,Data_new!$Q$2:$Q$2639,TRUE) | F7: =_xlfn.MAXIFS(Data_new!$D$2:$D$2639,Data_new!$A$2:$A$2639,4.2,Data_new!$B$2:$B$2639,VALUE(MID($B$6,2,FIND(",",$B$6)-2)),Data_new!$C$2:$C$2639,100,Data_new!$Q$2:$Q$2639,TRUE) | G7: nan | H7: nan | I7: =_xlfn.MINIFS(Data_new!$I$2:$I$2639,Data_new!$A$2:$A$2639,4.2,Data_new!$B$2:$B$2639,VALUE(MID($B$6,2,FIND(",",$B$6)-2)),Data_new!$C$2:$C$2639,100,Data_new!$Q$2:$Q$2639,TRUE) | J7: =_xlfn.MAXIFS(Data_new!$I$2:$I$2639,Data_new!$A$2:$A$2639,4.2,Data_new!$B$2:$B$2639,VALUE(MID($B$6,2,FIND(",",$B$6)-2)),Data_new!$C$2:$C$2639,100,Data_new!$Q$2:$Q$2639,TRUE) | N7: real_on_ms | O7: =_xlfn.MINIFS(Data_new!$D$2:$D$2639,Data_new!$A$2:$A$2639,4.2,Data_new!$B$2:$B$2639,VALUE(MID($L$6,2,FIND(",",$L$6)-2)),Data_new!$C$2:$C$2639,80,Data_new!$Q$2:$Q$2639,TRUE) | P7: =_xlfn.MAXIFS(Data_new!$D$2:$D$2639,Data_new!$A$2:$A$2639,4.2,Data_new!$B$2:$B$2639,VALUE(MID($L$6,2,FIND(",",$L$6)-2)),Data_new!$C$2:$C$2639,80,Data_new!$Q$2:$Q$2639,TRUE) | Q7: nan | R7: nan | S7: =_xlfn.MINIFS(Data_new!$I$2:$I$2639,Data_new!$A$2:$A$2639,4.2,Data_new!$B$2:$B$2639,VALUE(MID($L$6,2,FIND(",",$L$6)-2)),Data_new!$C$2:$C$2639,80,Data_new!$Q$2:$Q$2639,TRUE) | T7: =_xlfn.MAXIFS(Data_new!$I$2:$I$2639,Data_new!$A$2:$A$2639,4.2,Data_new!$B$2:$B$2639,VALUE(MID($L$6,2,FIND(",",$L$6)-2)),Data_new!$C$2:$C$2639,80,Data_new!$Q$2:$Q$2639,TRUE) | X7: real_on_ms | Y7: =_xlfn.MINIFS(Data_new!$D$2:$D$2639,Data_new!$A$2:$A$2639,4.2,Data_new!$B$2:$B$2639,VALUE(MID($V$6,2,FIND(",",$V$6)-2)),Data_new!$C$2:$C$2639,60,Data_new!$Q$2:$Q$2639,TRUE) | Z7: =_xlfn.MAXIFS(Data_new!$D$2:$D$2639,Data_new!$A$2:$A$2639,4.2,Data_new!$B$2:$B$2639,VALUE(MID($V$6,2,FIND(",",$V$6)-2)),Data_new!$C$2:$C$2639,60,Data_new!$Q$2:$Q$2639,TRUE) | AA7: nan | AB7: nan | AC7: =_xlfn.MINIFS(Data_new!$I$2:$I$2639,Data_new!$A$2:$A$2639,4.2,Data_new!$B$2:$B$2639,VALUE(MID($V$6,2,FIND(",",$V$6)-2)),Data_new!$C$2:$C$2639,60,Data_new!$Q$2:$Q$2639,TRUE) | AD7: =_xlfn.MAXIFS(Data_new!$I$2:$I$2639,Data_new!$A$2:$A$2639,4.2,Data_new!$B$2:$B$2639,VALUE(MID($V$6,2,FIND(",",$V$6)-2)),Data_new!$C$2:$C$2639,60,Data_new!$Q$2:$Q$2639,TRUE)
B9: %8, 4.2V, %100 | D9: on_ms | E9: =_xlfn.MINIFS(Data_new!$D$2:$D$2639,Data_new!$A$2:$A$2639,4.2,Data_new!$B$2:$B$2639,VALUE(MID($B$9,2,FIND(",",$B$9)-2)),Data_new!$C$2:$C$2639,100,Data_new!$P$2:$P$2639,TRUE) | F9: =_xlfn.MAXIFS(Data_new!$D$2:$D$2639,Data_new!$A$2:$A$2639,4.2,Data_new!$B$2:$B$2639,VALUE(MID($B$9,2,FIND(",",$B$9)-2)),Data_new!$C$2:$C$2639,100,Data_new!$P$2:$P$2639,TRUE) | G9: =_xlfn.MINIFS(Data_new!$H$2:$H$2639,Data_new!$A$2:$A$2639,4.2,Data_new!$B$2:$B$2639,VALUE(MID($B$9,2,FIND(",",$B$9)-2)),Data_new!$C$2:$C$2639,100,Data_new!$P$2:$P$2639,TRUE) | H9: =_xlfn.MAXIFS(Data_new!$H$2:$H$2639,Data_new!$A$2:$A$2639,4.2,Data_new!$B$2:$B$2639,VALUE(MID($B$9,2,FIND(",",$B$9)-2)),Data_new!$C$2:$C$2639,100,Data_new!$P$2:$P$2639,TRUE) | I9: nan | J9: nan | L9: %8, 4.2V, %80 | N9: on_ms | O9: =_xlfn.MINIFS(Data_new!$D$2:$D$2639,Data_new!$A$2:$A$2639,4.2,Data_new!$B$2:$B$2639,VALUE(MID($L$9,2,FIND(",",$L$9)-2)),Data_new!$C$2:$C$2639,80,Data_new!$P$2:$P$2639,TRUE) | P9: =_xlfn.MAXIFS(Data_new!$D$2:$D$2639,Data_new!$A$2:$A$2639,4.2,Data_new!$B$2:$B$2639,VALUE(MID($L$9,2,FIND(",",$L$9)-2)),Data_new!$C$2:$C$2639,80,Data_new!$P$2:$P$2639,TRUE) | Q9: =_xlfn.MINIFS(Data_new!$H$2:$H$2639,Data_new!$A$2:$A$2639,4.2,Data_new!$B$2:$B$2639,VALUE(MID($L$9,2,FIND(",",$L$9)-2)),Data_new!$C$2:$C$2639,80,Data_new!$P$2:$P$2639,TRUE) | R9: =_xlfn.MAXIFS(Data_new!$H$2:$H$2639,Data_new!$A$2:$A$2639,4.2,Data_new!$B$2:$B$2639,VALUE(MID($L$9,2,FIND(",",$L$9)-2)),Data_new!$C$2:$C$2639,80,Data_new!$P$2:$P$2639,TRUE) | S9: nan | T9: nan | V9: %8, 4.2V, %60 | X9: on_ms | Y9: =_xlfn.MINIFS(Data_new!$D$2:$D$2639,Data_new!$A$2:$A$2639,4.2,Data_new!$B$2:$B$2639,VALUE(MID($V$9,2,FIND(",",$V$9)-2)),Data_new!$C$2:$C$2639,60,Data_new!$P$2:$P$2639,TRUE) | Z9: =_xlfn.MAXIFS(Data_new!$D$2:$D$2639,Data_new!$A$2:$A$2639,4.2,Data_new!$B$2:$B$2639,VALUE(MID($V$9,2,FIND(",",$V$9)-2)),Data_new!$C$2:$C$2639,60,Data_new!$P$2:$P$2639,TRUE) | AA9: =_xlfn.MINIFS(Data_new!$H$2:$H$2639,Data_new!$A$2:$A$2639,4.2,Data_new!$B$2:$B$2639,VALUE(MID($V$9,2,FIND(",",$V$9)-2)),Data_new!$C$2:$C$2639,60,Data_new!$P$2:$P$2639,TRUE) | AB9: =_xlfn.MAXIFS(Data_new!$H$2:$H$2639,Data_new!$A$2:$A$2639,4.2,Data_new!$B$2:$B$2639,VALUE(MID($V$9,2,FIND(",",$V$9)-2)),Data_new!$C$2:$C$2639,60,Data_new!$P$2:$P$2639,TRUE) | AC9: nan | AD9: nan
D10: real_on_ms | E10: =_xlfn.MINIFS(Data_new!$D$2:$D$2639,Data_new!$A$2:$A$2639,4.2,Data_new!$B$2:$B$2639,VALUE(MID($B$9,2,FIND(",",$B$9)-2)),Data_new!$C$2:$C$2639,100,Data_new!$Q$2:$Q$2639,TRUE) | F10: =_xlfn.MAXIFS(Data_new!$D$2:$D$2639,Data_new!$A$2:$A$2639,4.2,Data_new!$B$2:$B$2639,VALUE(MID($B$9,2,FIND(",",$B$9)-2)),Data_new!$C$2:$C$2639,100,Data_new!$Q$2:$Q$2639,TRUE) | G10: nan | H10: nan | I10: =_xlfn.MINIFS(Data_new!$I$2:$I$2639,Data_new!$A$2:$A$2639,4.2,Data_new!$B$2:$B$2639,VALUE(MID($B$9,2,FIND(",",$B$9)-2)),Data_new!$C$2:$C$2639,100,Data_new!$Q$2:$Q$2639,TRUE) | J10: =_xlfn.MAXIFS(Data_new!$I$2:$I$2639,Data_new!$A$2:$A$2639,4.2,Data_new!$B$2:$B$2639,VALUE(MID($B$9,2,FIND(",",$B$9)-2)),Data_new!$C$2:$C$2639,100,Data_new!$Q$2:$Q$2639,TRUE) | N10: real_on_ms | O10: =_xlfn.MINIFS(Data_new!$D$2:$D$2639,Data_new!$A$2:$A$2639,4.2,Data_new!$B$2:$B$2639,VALUE(MID($L$9,2,FIND(",",$L$9)-2)),Data_new!$C$2:$C$2639,80,Data_new!$Q$2:$Q$2639,TRUE) | P10: =_xlfn.MAXIFS(Data_new!$D$2:$D$2639,Data_new!$A$2:$A$2639,4.2,Data_new!$B$2:$B$2639,VALUE(MID($L$9,2,FIND(",",$L$9)-2)),Data_new!$C$2:$C$2639,80,Data_new!$Q$2:$Q$2639,TRUE) | Q10: nan | R10: nan | S10: =_xlfn.MINIFS(Data_new!$I$2:$I$2639,Data_new!$A$2:$A$2639,4.2,Data_new!$B$2:$B$2639,VALUE(MID($L$9,2,FIND(",",$L$9)-2)),Data_new!$C$2:$C$2639,80,Data_new!$Q$2:$Q$2639,TRUE) | T10: =_xlfn.MAXIFS(Data_new!$I$2:$I$2639,Data_new!$A$2:$A$2639,4.2,Data_new!$B$2:$B$2639,VALUE(MID($L$9,2,FIND(",",$L$9)-2)),Data_new!$C$2:$C$2639,80,Data_new!$Q$2:$Q$2639,TRUE) | X10: real_on_ms | Y10: =_xlfn.MINIFS(Data_new!$D$2:$D$2639,Data_new!$A$2:$A$2639,4.2,Data_new!$B$2:$B$2639,VALUE(MID($V$9,2,FIND(",",$V$9)-2)),Data_new!$C$2:$C$2639,60,Data_new!$Q$2:$Q$2639,TRUE) | Z10: =_xlfn.MAXIFS(Data_new!$D$2:$D$2639,Data_new!$A$2:$A$2639,4.2,Data_new!$B$2:$B$2639,VALUE(MID($V$9,2,FIND(",",$V$9)-2)),Data_new!$C$2:$C$2639,60,Data_new!$Q$2:$Q$2639,TRUE) | AA10: nan | AB10: nan | AC10: =_xlfn.MINIFS(Data_new!$I$2:$I$2639,Data_new!$A$2:$A$2639,4.2,Data_new!$B$2:$B$2639,VALUE(MID($V$9,2,FIND(",",$V$9)-2)),Data_new!$C$2:$C$2639,60,Data_new!$Q$2:$Q$2639,TRUE) | AD10: =_xlfn.MAXIFS(Data_new!$I$2:$I$2639,Data_new!$A$2:$A$2639,4.2,Data_new!$B$2:$B$2639,VALUE(MID($V$9,2,FIND(",",$V$9)-2)),Data_new!$C$2:$C$2639,60,Data_new!$Q$2:$Q$2639,TRUE)
B12: %10, 4.2V, %100 | D12: on_ms | E12: =_xlfn.MINIFS(Data_new!$D$2:$D$2639,Data_new!$A$2:$A$2639,4.2,Data_new!$B$2:$B$2639,VALUE(MID($B$12,2,FIND(",",$B$12)-2)),Data_new!$C$2:$C$2639,100,Data_new!$P$2:$P$2639,TRUE) | F12: =_xlfn.MAXIFS(Data_new!$D$2:$D$2639,Data_new!$A$2:$A$2639,4.2,Data_new!$B$2:$B$2639,VALUE(MID($B$12,2,FIND(",",$B$12)-2)),Data_new!$C$2:$C$2639,100,Data_new!$P$2:$P$2639,TRUE) | G12: =_xlfn.MINIFS(Data_new!$H$2:$H$2639,Data_new!$A$2:$A$2639,4.2,Data_new!$B$2:$B$2639,VALUE(MID($B$12,2,FIND(",",$B$12)-2)),Data_new!$C$2:$C$2639,100,Data_new!$P$2:$P$2639,TRUE) | H12: =_xlfn.MAXIFS(Data_new!$H$2:$H$2639,Data_new!$A$2:$A$2639,4.2,Data_new!$B$2:$B$2639,VALUE(MID($B$12,2,FIND(",",$B$12)-2)),Data_new!$C$2:$C$2639,100,Data_new!$P$2:$P$2639,TRUE) | I12: nan | J12: nan | L12: %10, 4.2V, %80 | N12: on_ms | O12: =_xlfn.MINIFS(Data_new!$D$2:$D$2639,Data_new!$A$2:$A$2639,4.2,Data_new!$B$2:$B$2639,VALUE(MID($L$12,2,FIND(",",$L$12)-2)),Data_new!$C$2:$C$2639,80,Data_new!$P$2:$P$2639,TRUE) | P12: =_xlfn.MAXIFS(Data_new!$D$2:$D$2639,Data_new!$A$2:$A$2639,4.2,Data_new!$B$2:$B$2639,VALUE(MID($L$12,2,FIND(",",$L$12)-2)),Data_new!$C$2:$C$2639,80,Data_new!$P$2:$P$2639,TRUE) | Q12: =_xlfn.MINIFS(Data_new!$H$2:$H$2639,Data_new!$A$2:$A$2639,4.2,Data_new!$B$2:$B$2639,VALUE(MID($L$12,2,FIND(",",$L$12)-2)),Data_new!$C$2:$C$2639,80,Data_new!$P$2:$P$2639,TRUE) | R12: =_xlfn.MAXIFS(Data_new!$H$2:$H$2639,Data_new!$A$2:$A$2639,4.2,Data_new!$B$2:$B$2639,VALUE(MID($L$12,2,FIND(",",$L$12)-2)),Data_new!$C$2:$C$2639,80,Data_new!$P$2:$P$2639,TRUE) | S12: nan | T12: nan | V12: %10, 4.2V, %60 | X12: on_ms | Y12: =_xlfn.MINIFS(Data_new!$D$2:$D$2639,Data_new!$A$2:$A$2639,4.2,Data_new!$B$2:$B$2639,VALUE(MID($V$12,2,FIND(",",$V$12)-2)),Data_new!$C$2:$C$2639,60,Data_new!$P$2:$P$2639,TRUE) | Z12: =_xlfn.MAXIFS(Data_new!$D$2:$D$2639,Data_new!$A$2:$A$2639,4.2,Data_new!$B$2:$B$2639,VALUE(MID($V$12,2,FIND(",",$V$12)-2)),Data_new!$C$2:$C$2639,60,Data_new!$P$2:$P$2639,TRUE) | AA12: =_xlfn.MINIFS(Data_new!$H$2:$H$2639,Data_new!$A$2:$A$2639,4.2,Data_new!$B$2:$B$2639,VALUE(MID($V$12,2,FIND(",",$V$12)-2)),Data_new!$C$2:$C$2639,60,Data_new!$P$2:$P$2639,TRUE) | AB12: =_xlfn.MAXIFS(Data_new!$H$2:$H$2639,Data_new!$A$2:$A$2639,4.2,Data_new!$B$2:$B$2639,VALUE(MID($V$12,2,FIND(",",$V$12)-2)),Data_new!$C$2:$C$2639,60,Data_new!$P$2:$P$2639,TRUE) | AC12: nan | AD12: nan
D13: real_on_ms | E13: =_xlfn.MINIFS(Data_new!$D$2:$D$2639,Data_new!$A$2:$A$2639,4.2,Data_new!$B$2:$B$2639,VALUE(MID($B$12,2,FIND(",",$B$12)-2)),Data_new!$C$2:$C$2639,100,Data_new!$Q$2:$Q$2639,TRUE) | F13: =_xlfn.MAXIFS(Data_new!$D$2:$D$2639,Data_new!$A$2:$A$2639,4.2,Data_new!$B$2:$B$2639,VALUE(MID($B$12,2,FIND(",",$B$12)-2)),Data_new!$C$2:$C$2639,100,Data_new!$Q$2:$Q$2639,TRUE) | G13: nan | H13: nan | I13: =_xlfn.MINIFS(Data_new!$I$2:$I$2639,Data_new!$A$2:$A$2639,4.2,Data_new!$B$2:$B$2639,VALUE(MID($B$12,2,FIND(",",$B$12)-2)),Data_new!$C$2:$C$2639,100,Data_new!$Q$2:$Q$2639,TRUE) | J13: =_xlfn.MAXIFS(Data_new!$I$2:$I$2639,Data_new!$A$2:$A$2639,4.2,Data_new!$B$2:$B$2639,VALUE(MID($B$12,2,FIND(",",$B$12)-2)),Data_new!$C$2:$C$2639,100,Data_new!$Q$2:$Q$2639,TRUE) | N13: real_on_ms | O13: =_xlfn.MINIFS(Data_new!$D$2:$D$2639,Data_new!$A$2:$A$2639,4.2,Data_new!$B$2:$B$2639,VALUE(MID($L$12,2,FIND(",",$L$12)-2)),Data_new!$C$2:$C$2639,80,Data_new!$Q$2:$Q$2639,TRUE) | P13: =_xlfn.MAXIFS(Data_new!$D$2:$D$2639,Data_new!$A$2:$A$2639,4.2,Data_new!$B$2:$B$2639,VALUE(MID($L$12,2,FIND(",",$L$12)-2)),Data_new!$C$2:$C$2639,80,Data_new!$Q$2:$Q$2639,TRUE) | Q13: nan | R13: nan | S13: =_xlfn.MINIFS(Data_new!$I$2:$I$2639,Data_new!$A$2:$A$2639,4.2,Data_new!$B$2:$B$2639,VALUE(MID($L$12,2,FIND(",",$L$12)-2)),Data_new!$C$2:$C$2639,80,Data_new!$Q$2:$Q$2639,TRUE) | T13: =_xlfn.MAXIFS(Data_new!$I$2:$I$2639,Data_new!$A$2:$A$2639,4.2,Data_new!$B$2:$B$2639,VALUE(MID($L$12,2,FIND(",",$L$12)-2)),Data_new!$C$2:$C$2639,80,Data_new!$Q$2:$Q$2639,TRUE) | X13: real_on_ms | Y13: =_xlfn.MINIFS(Data_new!$D$2:$D$2639,Data_new!$A$2:$A$2639,4.2,Data_new!$B$2:$B$2639,VALUE(MID($V$12,2,FIND(",",$V$12)-2)),Data_new!$C$2:$C$2639,60,Data_new!$Q$2:$Q$2639,TRUE) | Z13: =_xlfn.MAXIFS(Data_new!$D$2:$D$2639,Data_new!$A$2:$A$2639,4.2,Data_new!$B$2:$B$2639,VALUE(MID($V$12,2,FIND(",",$V$12)-2)),Data_new!$C$2:$C$2639,60,Data_new!$Q$2:$Q$2639,TRUE) | AA13: nan | AB13: nan | AC13: =_xlfn.MINIFS(Data_new!$I$2:$I$2639,Data_new!$A$2:$A$2639,4.2,Data_new!$B$2:$B$2639,VALUE(MID($V$12,2,FIND(",",$V$12)-2)),Data_new!$C$2:$C$2639,60,Data_new!$Q$2:$Q$2639,TRUE) | AD13: =_xlfn.MAXIFS(Data_new!$I$2:$I$2639,Data_new!$A$2:$A$2639,4.2,Data_new!$B$2:$B$2639,VALUE(MID($V$12,2,FIND(",",$V$12)-2)),Data_new!$C$2:$C$2639,60,Data_new!$Q$2:$Q$2639,TRUE)
B15: %15, 4.2V, %100 | D15: on_ms | E15: =_xlfn.MINIFS(Data_new!$D$2:$D$2639,Data_new!$A$2:$A$2639,4.2,Data_new!$B$2:$B$2639,VALUE(MID($B$15,2,FIND(",",$B$15)-2)),Data_new!$C$2:$C$2639,100,Data_new!$P$2:$P$2639,TRUE) | F15: =_xlfn.MAXIFS(Data_new!$D$2:$D$2639,Data_new!$A$2:$A$2639,4.2,Data_new!$B$2:$B$2639,VALUE(MID($B$15,2,FIND(",",$B$15)-2)),Data_new!$C$2:$C$2639,100,Data_new!$P$2:$P$2639,TRUE) | G15: =_xlfn.MINIFS(Data_new!$H$2:$H$2639,Data_new!$A$2:$A$2639,4.2,Data_new!$B$2:$B$2639,VALUE(MID($B$15,2,FIND(",",$B$15)-2)),Data_new!$C$2:$C$2639,100,Data_new!$P$2:$P$2639,TRUE) | H15: =_xlfn.MAXIFS(Data_new!$H$2:$H$2639,Data_new!$A$2:$A$2639,4.2,Data_new!$B$2:$B$2639,VALUE(MID($B$15,2,FIND(",",$B$15)-2)),Data_new!$C$2:$C$2639,100,Data_new!$P$2:$P$2639,TRUE) | I15: nan | J15: nan | L15: %15, 4.2V, %80 | N15: on_ms | O15: =_xlfn.MINIFS(Data_new!$D$2:$D$2639,Data_new!$A$2:$A$2639,4.2,Data_new!$B$2:$B$2639,VALUE(MID($L$15,2,FIND(",",$L$15)-2)),Data_new!$C$2:$C$2639,80,Data_new!$P$2:$P$2639,TRUE) | P15: =_xlfn.MAXIFS(Data_new!$D$2:$D$2639,Data_new!$A$2:$A$2639,4.2,Data_new!$B$2:$B$2639,VALUE(MID($L$15,2,FIND(",",$L$15)-2)),Data_new!$C$2:$C$2639,80,Data_new!$P$2:$P$2639,TRUE) | Q15: =_xlfn.MINIFS(Data_new!$H$2:$H$2639,Data_new!$A$2:$A$2639,4.2,Data_new!$B$2:$B$2639,VALUE(MID($L$15,2,FIND(",",$L$15)-2)),Data_new!$C$2:$C$2639,80,Data_new!$P$2:$P$2639,TRUE) | R15: =_xlfn.MAXIFS(Data_new!$H$2:$H$2639,Data_new!$A$2:$A$2639,4.2,Data_new!$B$2:$B$2639,VALUE(MID($L$15,2,FIND(",",$L$15)-2)),Data_new!$C$2:$C$2639,80,Data_new!$P$2:$P$2639,TRUE) | S15: nan | T15: nan | V15: %15, 4.2V, %60 | X15: on_ms | Y15: =_xlfn.MINIFS(Data_new!$D$2:$D$2639,Data_new!$A$2:$A$2639,4.2,Data_new!$B$2:$B$2639,VALUE(MID($V$15,2,FIND(",",$V$15)-2)),Data_new!$C$2:$C$2639,60,Data_new!$P$2:$P$2639,TRUE) | Z15: =_xlfn.MAXIFS(Data_new!$D$2:$D$2639,Data_new!$A$2:$A$2639,4.2,Data_new!$B$2:$B$2639,VALUE(MID($V$15,2,FIND(",",$V$15)-2)),Data_new!$C$2:$C$2639,60,Data_new!$P$2:$P$2639,TRUE) | AA15: =_xlfn.MINIFS(Data_new!$H$2:$H$2639,Data_new!$A$2:$A$2639,4.2,Data_new!$B$2:$B$2639,VALUE(MID($V$15,2,FIND(",",$V$15)-2)),Data_new!$C$2:$C$2639,60,Data_new!$P$2:$P$2639,TRUE) | AB15: =_xlfn.MAXIFS(Data_new!$H$2:$H$2639,Data_new!$A$2:$A$2639,4.2,Data_new!$B$2:$B$2639,VALUE(MID($V$15,2,FIND(",",$V$15)-2)),Data_new!$C$2:$C$2639,60,Data_new!$P$2:$P$2639,TRUE) | AC15: nan | AD15: nan
D16: real_on_ms | E16: =_xlfn.MINIFS(Data_new!$D$2:$D$2639,Data_new!$A$2:$A$2639,4.2,Data_new!$B$2:$B$2639,VALUE(MID($B$15,2,FIND(",",$B$15)-2)),Data_new!$C$2:$C$2639,100,Data_new!$Q$2:$Q$2639,TRUE) | F16: =_xlfn.MAXIFS(Data_new!$D$2:$D$2639,Data_new!$A$2:$A$2639,4.2,Data_new!$B$2:$B$2639,VALUE(MID($B$15,2,FIND(",",$B$15)-2)),Data_new!$C$2:$C$2639,100,Data_new!$Q$2:$Q$2639,TRUE) | G16: nan | H16: nan | I16: =_xlfn.MINIFS(Data_new!$I$2:$I$2639,Data_new!$A$2:$A$2639,4.2,Data_new!$B$2:$B$2639,VALUE(MID($B$15,2,FIND(",",$B$15)-2)),Data_new!$C$2:$C$2639,100,Data_new!$Q$2:$Q$2639,TRUE) | J16: =_xlfn.MAXIFS(Data_new!$I$2:$I$2639,Data_new!$A$2:$A$2639,4.2,Data_new!$B$2:$B$2639,VALUE(MID($B$15,2,FIND(",",$B$15)-2)),Data_new!$C$2:$C$2639,100,Data_new!$Q$2:$Q$2639,TRUE) | N16: real_on_ms | O16: =_xlfn.MINIFS(Data_new!$D$2:$D$2639,Data_new!$A$2:$A$2639,4.2,Data_new!$B$2:$B$2639,VALUE(MID($L$15,2,FIND(",",$L$15)-2)),Data_new!$C$2:$C$2639,80,Data_new!$Q$2:$Q$2639,TRUE) | P16: =_xlfn.MAXIFS(Data_new!$D$2:$D$2639,Data_new!$A$2:$A$2639,4.2,Data_new!$B$2:$B$2639,VALUE(MID($L$15,2,FIND(",",$L$15)-2)),Data_new!$C$2:$C$2639,80,Data_new!$Q$2:$Q$2639,TRUE) | Q16: nan | R16: nan | S16: =_xlfn.MINIFS(Data_new!$I$2:$I$2639,Data_new!$A$2:$A$2639,4.2,Data_new!$B$2:$B$2639,VALUE(MID($L$15,2,FIND(",",$L$15)-2)),Data_new!$C$2:$C$2639,80,Data_new!$Q$2:$Q$2639,TRUE) | T16: =_xlfn.MAXIFS(Data_new!$I$2:$I$2639,Data_new!$A$2:$A$2639,4.2,Data_new!$B$2:$B$2639,VALUE(MID($L$15,2,FIND(",",$L$15)-2)),Data_new!$C$2:$C$2639,80,Data_new!$Q$2:$Q$2639,TRUE) | X16: real_on_ms | Y16: =_xlfn.MINIFS(Data_new!$D$2:$D$2639,Data_new!$A$2:$A$2639,4.2,Data_new!$B$2:$B$2639,VALUE(MID($V$15,2,FIND(",",$V$15)-2)),Data_new!$C$2:$C$2639,60,Data_new!$Q$2:$Q$2639,TRUE) | Z16: =_xlfn.MAXIFS(Data_new!$D$2:$D$2639,Data_new!$A$2:$A$2639,4.2,Data_new!$B$2:$B$2639,VALUE(MID($V$15,2,FIND(",",$V$15)-2)),Data_new!$C$2:$C$2639,60,Data_new!$Q$2:$Q$2639,TRUE) | AA16: nan | AB16: nan | AC16: =_xlfn.MINIFS(Data_new!$I$2:$I$2639,Data_new!$A$2:$A$2639,4.2,Data_new!$B$2:$B$2639,VALUE(MID($V$15,2,FIND(",",$V$15)-2)),Data_new!$C$2:$C$2639,60,Data_new!$Q$2:$Q$2639,TRUE) | AD16: =_xlfn.MAXIFS(Data_new!$I$2:$I$2639,Data_new!$A$2:$A$2639,4.2,Data_new!$B$2:$B$2639,VALUE(MID($V$15,2,FIND(",",$V$15)-2)),Data_new!$C$2:$C$2639,60,Data_new!$Q$2:$Q$2639,TRUE)
B18: %100, 4.2V, %100 | D18: on_ms | E18: =_xlfn.MINIFS(Data_new!$D$2:$D$2639,Data_new!$A$2:$A$2639,4.2,Data_new!$B$2:$B$2639,VALUE(MID($B$18,2,FIND(",",$B$18)-2)),Data_new!$C$2:$C$2639,100,Data_new!$P$2:$P$2639,TRUE) | F18: =_xlfn.MAXIFS(Data_new!$D$2:$D$2639,Data_new!$A$2:$A$2639,4.2,Data_new!$B$2:$B$2639,VALUE(MID($B$18,2,FIND(",",$B$18)-2)),Data_new!$C$2:$C$2639,100,Data_new!$P$2:$P$2639,TRUE) | G18: =_xlfn.MINIFS(Data_new!$H$2:$H$2639,Data_new!$A$2:$A$2639,4.2,Data_new!$B$2:$B$2639,VALUE(MID($B$18,2,FIND(",",$B$18)-2)),Data_new!$C$2:$C$2639,100,Data_new!$P$2:$P$2639,TRUE) | H18: =_xlfn.MAXIFS(Data_new!$H$2:$H$2639,Data_new!$A$2:$A$2639,4.2,Data_new!$B$2:$B$2639,VALUE(MID($B$18,2,FIND(",",$B$18)-2)),Data_new!$C$2:$C$2639,100,Data_new!$P$2:$P$2639,TRUE) | I18: nan | J18: nan | L18: %100, 4.2V, %80 | N18: on_ms | O18: =_xlfn.MINIFS(Data_new!$D$2:$D$2639,Data_new!$A$2:$A$2639,4.2,Data_new!$B$2:$B$2639,VALUE(MID($L$18,2,FIND(",",$L$18)-2)),Data_new!$C$2:$C$2639,80,Data_new!$P$2:$P$2639,TRUE) | P18: =_xlfn.MAXIFS(Data_new!$D$2:$D$2639,Data_new!$A$2:$A$2639,4.2,Data_new!$B$2:$B$2639,VALUE(MID($L$18,2,FIND(",",$L$18)-2)),Data_new!$C$2:$C$2639,80,Data_new!$P$2:$P$2639,TRUE) | Q18: =_xlfn.MINIFS(Data_new!$H$2:$H$2639,Data_new!$A$2:$A$2639,4.2,Data_new!$B$2:$B$2639,VALUE(MID($L$18,2,FIND(",",$L$18)-2)),Data_new!$C$2:$C$2639,80,Data_new!$P$2:$P$2639,TRUE) | R18: =_xlfn.MAXIFS(Data_new!$H$2:$H$2639,Data_new!$A$2:$A$2639,4.2,Data_new!$B$2:$B$2639,VALUE(MID($L$18,2,FIND(",",$L$18)-2)),Data_new!$C$2:$C$2639,80,Data_new!$P$2:$P$2639,TRUE) | S18: nan | T18: nan | V18: %100, 4.2V, %60 | X18: on_ms | Y18: =_xlfn.MINIFS(Data_new!$D$2:$D$2639,Data_new!$A$2:$A$2639,4.2,Data_new!$B$2:$B$2639,VALUE(MID($V$18,2,FIND(",",$V$18)-2)),Data_new!$C$2:$C$2639,60,Data_new!$P$2:$P$2639,TRUE) | Z18: =_xlfn.MAXIFS(Data_new!$D$2:$D$2639,Data_new!$A$2:$A$2639,4.2,Data_new!$B$2:$B$2639,VALUE(MID($V$18,2,FIND(",",$V$18)-2)),Data_new!$C$2:$C$2639,60,Data_new!$P$2:$P$2639,TRUE) | AA18: =_xlfn.MINIFS(Data_new!$H$2:$H$2639,Data_new!$A$2:$A$2639,4.2,Data_new!$B$2:$B$2639,VALUE(MID($V$18,2,FIND(",",$V$18)-2)),Data_new!$C$2:$C$2639,60,Data_new!$P$2:$P$2639,TRUE) | AB18: =_xlfn.MAXIFS(Data_new!$H$2:$H$2639,Data_new!$A$2:$A$2639,4.2,Data_new!$B$2:$B$2639,VALUE(MID($V$18,2,FIND(",",$V$18)-2)),Data_new!$C$2:$C$2639,60,Data_new!$P$2:$P$2639,TRUE) | AC18: nan | AD18: nan
D19: real_on_ms | E19: =_xlfn.MINIFS(Data_new!$D$2:$D$2639,Data_new!$A$2:$A$2639,4.2,Data_new!$B$2:$B$2639,VALUE(MID($B$18,2,FIND(",",$B$18)-2)),Data_new!$C$2:$C$2639,100,Data_new!$Q$2:$Q$2639,TRUE) | F19: =_xlfn.MAXIFS(Data_new!$D$2:$D$2639,Data_new!$A$2:$A$2639,4.2,Data_new!$B$2:$B$2639,VALUE(MID($B$18,2,FIND(",",$B$18)-2)),Data_new!$C$2:$C$2639,100,Data_new!$Q$2:$Q$2639,TRUE) | G19: nan | H19: nan | I19: =_xlfn.MINIFS(Data_new!$I$2:$I$2639,Data_new!$A$2:$A$2639,4.2,Data_new!$B$2:$B$2639,VALUE(MID($B$18,2,FIND(",",$B$18)-2)),Data_new!$C$2:$C$2639,100,Data_new!$Q$2:$Q$2639,TRUE) | J19: =_xlfn.MAXIFS(Data_new!$I$2:$I$2639,Data_new!$A$2:$A$2639,4.2,Data_new!$B$2:$B$2639,VALUE(MID($B$18,2,FIND(",",$B$18)-2)),Data_new!$C$2:$C$2639,100,Data_new!$Q$2:$Q$2639,TRUE) | N19: real_on_ms | O19: =_xlfn.MINIFS(Data_new!$D$2:$D$2639,Data_new!$A$2:$A$2639,4.2,Data_new!$B$2:$B$2639,VALUE(MID($L$18,2,FIND(",",$L$18)-2)),Data_new!$C$2:$C$2639,80,Data_new!$Q$2:$Q$2639,TRUE) | P19: =_xlfn.MAXIFS(Data_new!$D$2:$D$2639,Data_new!$A$2:$A$2639,4.2,Data_new!$B$2:$B$2639,VALUE(MID($L$18,2,FIND(",",$L$18)-2)),Data_new!$C$2:$C$2639,80,Data_new!$Q$2:$Q$2639,TRUE) | Q19: nan | R19: nan | S19: =_xlfn.MINIFS(Data_new!$I$2:$I$2639,Data_new!$A$2:$A$2639,4.2,Data_new!$B$2:$B$2639,VALUE(MID($L$18,2,FIND(",",$L$18)-2)),Data_new!$C$2:$C$2639,80,Data_new!$Q$2:$Q$2639,TRUE) | T19: =_xlfn.MAXIFS(Data_new!$I$2:$I$2639,Data_new!$A$2:$A$2639,4.2,Data_new!$B$2:$B$2639,VALUE(MID($L$18,2,FIND(",",$L$18)-2)),Data_new!$C$2:$C$2639,80,Data_new!$Q$2:$Q$2639,TRUE) | X19: real_on_ms | Y19: =_xlfn.MINIFS(Data_new!$D$2:$D$2639,Data_new!$A$2:$A$2639,4.2,Data_new!$B$2:$B$2639,VALUE(MID($V$18,2,FIND(",",$V$18)-2)),Data_new!$C$2:$C$2639,60,Data_new!$Q$2:$Q$2639,TRUE) | Z19: =_xlfn.MAXIFS(Data_new!$D$2:$D$2639,Data_new!$A$2:$A$2639,4.2,Data_new!$B$2:$B$2639,VALUE(MID($V$18,2,FIND(",",$V$18)-2)),Data_new!$C$2:$C$2639,60,Data_new!$Q$2:$Q$2639,TRUE) | AA19: nan | AB19: nan | AC19: =_xlfn.MINIFS(Data_new!$I$2:$I$2639,Data_new!$A$2:$A$2639,4.2,Data_new!$B$2:$B$2639,VALUE(MID($V$18,2,FIND(",",$V$18)-2)),Data_new!$C$2:$C$2639,60,Data_new!$Q$2:$Q$2639,TRUE) | AD19: =_xlfn.MAXIFS(Data_new!$I$2:$I$2639,Data_new!$A$2:$A$2639,4.2,Data_new!$B$2:$B$2639,VALUE(MID($V$18,2,FIND(",",$V$18)-2)),Data_new!$C$2:$C$2639,60,Data_new!$Q$2:$Q$2639,TRUE)
E25: min_kick_ms | F25: max_kick_ms | G25: min_on_ms | H25: max_on_ms | I25: min_real_on_ms | J25: max_real_on_ms | O25: min_kick_ms | P25: max_kick_ms | Q25: min_on_ms | R25: max_on_ms | S25: min_real_on_ms | T25: max_real_on_ms | Y25: min_kick_ms | Z25: max_kick_ms | AA25: min_on_ms | AB25: max_on_ms | AC25: min_real_on_ms | AD25: max_real_on_ms
B26: %6, 3.6V, %100 | D26: on_ms | E26: =_xlfn.MINIFS(Data_new!$D$2:$D$2639,Data_new!$A$2:$A$2639,3.6,Data_new!$B$2:$B$2639,VALUE(MID($B$26,2,FIND(",",$B$26)-2)),Data_new!$C$2:$C$2639,100,Data_new!$P$2:$P$2639,TRUE) | F26: =_xlfn.MAXIFS(Data_new!$D$2:$D$2639,Data_new!$A$2:$A$2639,3.6,Data_new!$B$2:$B$2639,VALUE(MID($B$26,2,FIND(",",$B$26)-2)),Data_new!$C$2:$C$2639,100,Data_new!$P$2:$P$2639,TRUE) | G26: =_xlfn.MINIFS(Data_new!$H$2:$H$2639,Data_new!$A$2:$A$2639,3.6,Data_new!$B$2:$B$2639,VALUE(MID($B$26,2,FIND(",",$B$26)-2)),Data_new!$C$2:$C$2639,100,Data_new!$P$2:$P$2639,TRUE) | H26: =_xlfn.MAXIFS(Data_new!$H$2:$H$2639,Data_new!$A$2:$A$2639,3.6,Data_new!$B$2:$B$2639,VALUE(MID($B$26,2,FIND(",",$B$26)-2)),Data_new!$C$2:$C$2639,100,Data_new!$P$2:$P$2639,TRUE) | I26: nan | J26: nan | L26: %6, 3.6V, %80 | N26: on_ms | O26: =_xlfn.MINIFS(Data_new!$D$2:$D$2639,Data_new!$A$2:$A$2639,3.6,Data_new!$B$2:$B$2639,VALUE(MID($L$26,2,FIND(",",$L$26)-2)),Data_new!$C$2:$C$2639,80,Data_new!$P$2:$P$2639,TRUE) | P26: =_xlfn.MAXIFS(Data_new!$D$2:$D$2639,Data_new!$A$2:$A$2639,3.6,Data_new!$B$2:$B$2639,VALUE(MID($L$26,2,FIND(",",$L$26)-2)),Data_new!$C$2:$C$2639,80,Data_new!$P$2:$P$2639,TRUE) | Q26: =_xlfn.MINIFS(Data_new!$H$2:$H$2639,Data_new!$A$2:$A$2639,3.6,Data_new!$B$2:$B$2639,VALUE(MID($L$26,2,FIND(",",$L$26)-2)),Data_new!$C$2:$C$2639,80,Data_new!$P$2:$P$2639,TRUE) | R26: =_xlfn.MAXIFS(Data_new!$H$2:$H$2639,Data_new!$A$2:$A$2639,3.6,Data_new!$B$2:$B$2639,VALUE(MID($L$26,2,FIND(",",$L$26)-2)),Data_new!$C$2:$C$2639,80,Data_new!$P$2:$P$2639,TRUE) | S26: nan | T26: nan | V26: %6, 3.6V, %60 | X26: on_ms | Y26: =_xlfn.MINIFS(Data_new!$D$2:$D$2639,Data_new!$A$2:$A$2639,3.6,Data_new!$B$2:$B$2639,VALUE(MID($V$26,2,FIND(",",$V$26)-2)),Data_new!$C$2:$C$2639,60,Data_new!$P$2:$P$2639,TRUE) | Z26: =_xlfn.MAXIFS(Data_new!$D$2:$D$2639,Data_new!$A$2:$A$2639,3.6,Data_new!$B$2:$B$2639,VALUE(MID($V$26,2,FIND(",",$V$26)-2)),Data_new!$C$2:$C$2639,60,Data_new!$P$2:$P$2639,TRUE) | AA26: =_xlfn.MINIFS(Data_new!$H$2:$H$2639,Data_new!$A$2:$A$2639,3.6,Data_new!$B$2:$B$2639,VALUE(MID($V$26,2,FIND(",",$V$26)-2)),Data_new!$C$2:$C$2639,60,Data_new!$P$2:$P$2639,TRUE) | AB26: =_xlfn.MAXIFS(Data_new!$H$2:$H$2639,Data_new!$A$2:$A$2639,3.6,Data_new!$B$2:$B$2639,VALUE(MID($V$26,2,FIND(",",$V$26)-2)),Data_new!$C$2:$C$2639,60,Data_new!$P$2:$P$2639,TRUE) | AC26: nan | AD26: nan
D27: real_on_ms | E27: =_xlfn.MINIFS(Data_new!$D$2:$D$2639,Data_new!$A$2:$A$2639,3.6,Data_new!$B$2:$B$2639,VALUE(MID($B$26,2,FIND(",",$B$26)-2)),Data_new!$C$2:$C$2639,100,Data_new!$Q$2:$Q$2639,TRUE) | F27: =_xlfn.MAXIFS(Data_new!$D$2:$D$2639,Data_new!$A$2:$A$2639,3.6,Data_new!$B$2:$B$2639,VALUE(MID($B$26,2,FIND(",",$B$26)-2)),Data_new!$C$2:$C$2639,100,Data_new!$Q$2:$Q$2639,TRUE) | G27: nan | H27: nan | I27: =_xlfn.MINIFS(Data_new!$I$2:$I$2639,Data_new!$A$2:$A$2639,3.6,Data_new!$B$2:$B$2639,VALUE(MID($B$26,2,FIND(",",$B$26)-2)),Data_new!$C$2:$C$2639,100,Data_new!$Q$2:$Q$2639,TRUE) | J27: =_xlfn.MAXIFS(Data_new!$I$2:$I$2639,Data_new!$A$2:$A$2639,3.6,Data_new!$B$2:$B$2639,VALUE(MID($B$26,2,FIND(",",$B$26)-2)),Data_new!$C$2:$C$2639,100,Data_new!$Q$2:$Q$2639,TRUE) | N27: real_on_ms | O27: =_xlfn.MINIFS(Data_new!$D$2:$D$2639,Data_new!$A$2:$A$2639,3.6,Data_new!$B$2:$B$2639,VALUE(MID($L$26,2,FIND(",",$L$26)-2)),Data_new!$C$2:$C$2639,80,Data_new!$Q$2:$Q$2639,TRUE) | P27: =_xlfn.MAXIFS(Data_new!$D$2:$D$2639,Data_new!$A$2:$A$2639,3.6,Data_new!$B$2:$B$2639,VALUE(MID($L$26,2,FIND(",",$L$26)-2)),Data_new!$C$2:$C$2639,80,Data_new!$Q$2:$Q$2639,TRUE) | Q27: nan | R27: nan | S27: =_xlfn.MINIFS(Data_new!$I$2:$I$2639,Data_new!$A$2:$A$2639,3.6,Data_new!$B$2:$B$2639,VALUE(MID($L$26,2,FIND(",",$L$26)-2)),Data_new!$C$2:$C$2639,80,Data_new!$Q$2:$Q$2639,TRUE) | T27: =_xlfn.MAXIFS(Data_new!$I$2:$I$2639,Data_new!$A$2:$A$2639,3.6,Data_new!$B$2:$B$2639,VALUE(MID($L$26,2,FIND(",",$L$26)-2)),Data_new!$C$2:$C$2639,80,Data_new!$Q$2:$Q$2639,TRUE) | X27: real_on_ms | Y27: =_xlfn.MINIFS(Data_new!$D$2:$D$2639,Data_new!$A$2:$A$2639,3.6,Data_new!$B$2:$B$2639,VALUE(MID($V$26,2,FIND(",",$V$26)-2)),Data_new!$C$2:$C$2639,60,Data_new!$Q$2:$Q$2639,TRUE) | Z27: =_xlfn.MAXIFS(Data_new!$D$2:$D$2639,Data_new!$A$2:$A$2639,3.6,Data_new!$B$2:$B$2639,VALUE(MID($V$26,2,FIND(",",$V$26)-2)),Data_new!$C$2:$C$2639,60,Data_new!$Q$2:$Q$2639,TRUE) | AA27: nan | AB27: nan | AC27: =_xlfn.MINIFS(Data_new!$I$2:$I$2639,Data_new!$A$2:$A$2639,3.6,Data_new!$B$2:$B$2639,VALUE(MID($V$26,2,FIND(",",$V$26)-2)),Data_new!$C$2:$C$2639,60,Data_new!$Q$2:$Q$2639,TRUE) | AD27: =_xlfn.MAXIFS(Data_new!$I$2:$I$2639,Data_new!$A$2:$A$2639,3.6,Data_new!$B$2:$B$2639,VALUE(MID($V$26,2,FIND(",",$V$26)-2)),Data_new!$C$2:$C$2639,60,Data_new!$Q$2:$Q$2639,TRUE)
B29: %7, 3.6V, %100 | D29: on_ms | E29: =_xlfn.MINIFS(Data_new!$D$2:$D$2639,Data_new!$A$2:$A$2639,3.6,Data_new!$B$2:$B$2639,VALUE(MID($B$29,2,FIND(",",$B$29)-2)),Data_new!$C$2:$C$2639,100,Data_new!$P$2:$P$2639,TRUE) | F29: =_xlfn.MAXIFS(Data_new!$D$2:$D$2639,Data_new!$A$2:$A$2639,3.6,Data_new!$B$2:$B$2639,VALUE(MID($B$29,2,FIND(",",$B$29)-2)),Data_new!$C$2:$C$2639,100,Data_new!$P$2:$P$2639,TRUE) | G29: =_xlfn.MINIFS(Data_new!$H$2:$H$2639,Data_new!$A$2:$A$2639,3.6,Data_new!$B$2:$B$2639,VALUE(MID($B$29,2,FIND(",",$B$29)-2)),Data_new!$C$2:$C$2639,100,Data_new!$P$2:$P$2639,TRUE) | H29: =_xlfn.MAXIFS(Data_new!$H$2:$H$2639,Data_new!$A$2:$A$2639,3.6,Data_new!$B$2:$B$2639,VALUE(MID($B$29,2,FIND(",",$B$29)-2)),Data_new!$C$2:$C$2639,100,Data_new!$P$2:$P$2639,TRUE) | I29: nan | J29: nan | L29: %7, 3.6V, %80 | N29: on_ms | O29: =_xlfn.MINIFS(Data_new!$D$2:$D$2639,Data_new!$A$2:$A$2639,3.6,Data_new!$B$2:$B$2639,VALUE(MID($L$29,2,FIND(",",$L$29)-2)),Data_new!$C$2:$C$2639,80,Data_new!$P$2:$P$2639,TRUE) | P29: =_xlfn.MAXIFS(Data_new!$D$2:$D$2639,Data_new!$A$2:$A$2639,3.6,Data_new!$B$2:$B$2639,VALUE(MID($L$29,2,FIND(",",$L$29)-2)),Data_new!$C$2:$C$2639,80,Data_new!$P$2:$P$2639,TRUE) | Q29: =_xlfn.MINIFS(Data_new!$H$2:$H$2639,Data_new!$A$2:$A$2639,3.6,Data_new!$B$2:$B$2639,VALUE(MID($L$29,2,FIND(",",$L$29)-2)),Data_new!$C$2:$C$2639,80,Data_new!$P$2:$P$2639,TRUE) | R29: =_xlfn.MAXIFS(Data_new!$H$2:$H$2639,Data_new!$A$2:$A$2639,3.6,Data_new!$B$2:$B$2639,VALUE(MID($L$29,2,FIND(",",$L$29)-2)),Data_new!$C$2:$C$2639,80,Data_new!$P$2:$P$2639,TRUE) | S29: nan | T29: nan | V29: %7, 3.6V, %60 | X29: on_ms | Y29: =_xlfn.MINIFS(Data_new!$D$2:$D$2639,Data_new!$A$2:$A$2639,3.6,Data_new!$B$2:$B$2639,VALUE(MID($V$29,2,FIND(",",$V$29)-2)),Data_new!$C$2:$C$2639,60,Data_new!$P$2:$P$2639,TRUE) | Z29: =_xlfn.MAXIFS(Data_new!$D$2:$D$2639,Data_new!$A$2:$A$2639,3.6,Data_new!$B$2:$B$2639,VALUE(MID($V$29,2,FIND(",",$V$29)-2)),Data_new!$C$2:$C$2639,60,Data_new!$P$2:$P$2639,TRUE) | AA29: =_xlfn.MINIFS(Data_new!$H$2:$H$2639,Data_new!$A$2:$A$2639,3.6,Data_new!$B$2:$B$2639,VALUE(MID($V$29,2,FIND(",",$V$29)-2)),Data_new!$C$2:$C$2639,60,Data_new!$P$2:$P$2639,TRUE) | AB29: =_xlfn.MAXIFS(Data_new!$H$2:$H$2639,Data_new!$A$2:$A$2639,3.6,Data_new!$B$2:$B$2639,VALUE(MID($V$29,2,FIND(",",$V$29)-2)),Data_new!$C$2:$C$2639,60,Data_new!$P$2:$P$2639,TRUE) | AC29: nan | AD29: nan
D30: real_on_ms | E30: =_xlfn.MINIFS(Data_new!$D$2:$D$2639,Data_new!$A$2:$A$2639,3.6,Data_new!$B$2:$B$2639,VALUE(MID($B$29,2,FIND(",",$B$29)-2)),Data_new!$C$2:$C$2639,100,Data_new!$Q$2:$Q$2639,TRUE) | F30: =_xlfn.MAXIFS(Data_new!$D$2:$D$2639,Data_new!$A$2:$A$2639,3.6,Data_new!$B$2:$B$2639,VALUE(MID($B$29,2,FIND(",",$B$29)-2)),Data_new!$C$2:$C$2639,100,Data_new!$Q$2:$Q$2639,TRUE) | G30: nan | H30: nan | I30: =_xlfn.MINIFS(Data_new!$I$2:$I$2639,Data_new!$A$2:$A$2639,3.6,Data_new!$B$2:$B$2639,VALUE(MID($B$29,2,FIND(",",$B$29)-2)),Data_new!$C$2:$C$2639,100,Data_new!$Q$2:$Q$2639,TRUE) | J30: =_xlfn.MAXIFS(Data_new!$I$2:$I$2639,Data_new!$A$2:$A$2639,3.6,Data_new!$B$2:$B$2639,VALUE(MID($B$29,2,FIND(",",$B$29)-2)),Data_new!$C$2:$C$2639,100,Data_new!$Q$2:$Q$2639,TRUE) | N30: real_on_ms | O30: =_xlfn.MINIFS(Data_new!$D$2:$D$2639,Data_new!$A$2:$A$2639,3.6,Data_new!$B$2:$B$2639,VALUE(MID($L$29,2,FIND(",",$L$29)-2)),Data_new!$C$2:$C$2639,80,Data_new!$Q$2:$Q$2639,TRUE) | P30: =_xlfn.MAXIFS(Data_new!$D$2:$D$2639,Data_new!$A$2:$A$2639,3.6,Data_new!$B$2:$B$2639,VALUE(MID($L$29,2,FIND(",",$L$29)-2)),Data_new!$C$2:$C$2639,80,Data_new!$Q$2:$Q$2639,TRUE) | Q30: nan | R30: nan | S30: =_xlfn.MINIFS(Data_new!$I$2:$I$2639,Data_new!$A$2:$A$2639,3.6,Data_new!$B$2:$B$2639,VALUE(MID($L$29,2,FIND(",",$L$29)-2)),Data_new!$C$2:$C$2639,80,Data_new!$Q$2:$Q$2639,TRUE) | T30: =_xlfn.MAXIFS(Data_new!$I$2:$I$2639,Data_new!$A$2:$A$2639,3.6,Data_new!$B$2:$B$2639,VALUE(MID($L$29,2,FIND(",",$L$29)-2)),Data_new!$C$2:$C$2639,80,Data_new!$Q$2:$Q$2639,TRUE) | X30: real_on_ms | Y30: =_xlfn.MINIFS(Data_new!$D$2:$D$2639,Data_new!$A$2:$A$2639,3.6,Data_new!$B$2:$B$2639,VALUE(MID($V$29,2,FIND(",",$V$29)-2)),Data_new!$C$2:$C$2639,60,Data_new!$Q$2:$Q$2639,TRUE) | Z30: =_xlfn.MAXIFS(Data_new!$D$2:$D$2639,Data_new!$A$2:$A$2639,3.6,Data_new!$B$2:$B$2639,VALUE(MID($V$29,2,FIND(",",$V$29)-2)),Data_new!$C$2:$C$2639,60,Data_new!$Q$2:$Q$2639,TRUE) | AA30: nan | AB30: nan | AC30: =_xlfn.MINIFS(Data_new!$I$2:$I$2639,Data_new!$A$2:$A$2639,3.6,Data_new!$B$2:$B$2639,VALUE(MID($V$29,2,FIND(",",$V$29)-2)),Data_new!$C$2:$C$2639,60,Data_new!$Q$2:$Q$2639,TRUE) | AD30: =_xlfn.MAXIFS(Data_new!$I$2:$I$2639,Data_new!$A$2:$A$2639,3.6,Data_new!$B$2:$B$2639,VALUE(MID($V$29,2,FIND(",",$V$29)-2)),Data_new!$C$2:$C$2639,60,Data_new!$Q$2:$Q$2639,TRUE)
B32: %8, 3.6V, %100 | D32: on_ms | E32: =_xlfn.MINIFS(Data_new!$D$2:$D$2639,Data_new!$A$2:$A$2639,3.6,Data_new!$B$2:$B$2639,VALUE(MID($B$32,2,FIND(",",$B$32)-2)),Data_new!$C$2:$C$2639,100,Data_new!$P$2:$P$2639,TRUE) | F32: =_xlfn.MAXIFS(Data_new!$D$2:$D$2639,Data_new!$A$2:$A$2639,3.6,Data_new!$B$2:$B$2639,VALUE(MID($B$32,2,FIND(",",$B$32)-2)),Data_new!$C$2:$C$2639,100,Data_new!$P$2:$P$2639,TRUE) | G32: =_xlfn.MINIFS(Data_new!$H$2:$H$2639,Data_new!$A$2:$A$2639,3.6,Data_new!$B$2:$B$2639,VALUE(MID($B$32,2,FIND(",",$B$32)-2)),Data_new!$C$2:$C$2639,100,Data_new!$P$2:$P$2639,TRUE) | H32: =_xlfn.MAXIFS(Data_new!$H$2:$H$2639,Data_new!$A$2:$A$2639,3.6,Data_new!$B$2:$B$2639,VALUE(MID($B$32,2,FIND(",",$B$32)-2)),Data_new!$C$2:$C$2639,100,Data_new!$P$2:$P$2639,TRUE) | I32: nan | J32: nan | L32: %8, 3.6V, %80 | N32: on_ms | O32: =_xlfn.MINIFS(Data_new!$D$2:$D$2639,Data_new!$A$2:$A$2639,3.6,Data_new!$B$2:$B$2639,VALUE(MID($L$32,2,FIND(",",$L$32)-2)),Data_new!$C$2:$C$2639,80,Data_new!$P$2:$P$2639,TRUE) | P32: =_xlfn.MAXIFS(Data_new!$D$2:$D$2639,Data_new!$A$2:$A$2639,3.6,Data_new!$B$2:$B$2639,VALUE(MID($L$32,2,FIND(",",$L$32)-2)),Data_new!$C$2:$C$2639,80,Data_new!$P$2:$P$2639,TRUE) | Q32: =_xlfn.MINIFS(Data_new!$H$2:$H$2639,Data_new!$A$2:$A$2639,3.6,Data_new!$B$2:$B$2639,VALUE(MID($L$32,2,FIND(",",$L$32)-2)),Data_new!$C$2:$C$2639,80,Data_new!$P$2:$P$2639,TRUE) | R32: =_xlfn.MAXIFS(Data_new!$H$2:$H$2639,Data_new!$A$2:$A$2639,3.6,Data_new!$B$2:$B$2639,VALUE(MID($L$32,2,FIND(",",$L$32)-2)),Data_new!$C$2:$C$2639,80,Data_new!$P$2:$P$2639,TRUE) | S32: nan | T32: nan | V32: %8, 3.6V, %60 | X32: on_ms | Y32: =_xlfn.MINIFS(Data_new!$D$2:$D$2639,Data_new!$A$2:$A$2639,3.6,Data_new!$B$2:$B$2639,VALUE(MID($V$32,2,FIND(",",$V$32)-2)),Data_new!$C$2:$C$2639,60,Data_new!$P$2:$P$2639,TRUE) | Z32: =_xlfn.MAXIFS(Data_new!$D$2:$D$2639,Data_new!$A$2:$A$2639,3.6,Data_new!$B$2:$B$2639,VALUE(MID($V$32,2,FIND(",",$V$32)-2)),Data_new!$C$2:$C$2639,60,Data_new!$P$2:$P$2639,TRUE) | AA32: =_xlfn.MINIFS(Data_new!$H$2:$H$2639,Data_new!$A$2:$A$2639,3.6,Data_new!$B$2:$B$2639,VALUE(MID($V$32,2,FIND(",",$V$32)-2)),Data_new!$C$2:$C$2639,60,Data_new!$P$2:$P$2639,TRUE) | AB32: =_xlfn.MAXIFS(Data_new!$H$2:$H$2639,Data_new!$A$2:$A$2639,3.6,Data_new!$B$2:$B$2639,VALUE(MID($V$32,2,FIND(",",$V$32)-2)),Data_new!$C$2:$C$2639,60,Data_new!$P$2:$P$2639,TRUE) | AC32: nan | AD32: nan
D33: real_on_ms | E33: =_xlfn.MINIFS(Data_new!$D$2:$D$2639,Data_new!$A$2:$A$2639,3.6,Data_new!$B$2:$B$2639,VALUE(MID($B$32,2,FIND(",",$B$32)-2)),Data_new!$C$2:$C$2639,100,Data_new!$Q$2:$Q$2639,TRUE) | F33: =_xlfn.MAXIFS(Data_new!$D$2:$D$2639,Data_new!$A$2:$A$2639,3.6,Data_new!$B$2:$B$2639,VALUE(MID($B$32,2,FIND(",",$B$32)-2)),Data_new!$C$2:$C$2639,100,Data_new!$Q$2:$Q$2639,TRUE) | G33: nan | H33: nan | I33: =_xlfn.MINIFS(Data_new!$I$2:$I$2639,Data_new!$A$2:$A$2639,3.6,Data_new!$B$2:$B$2639,VALUE(MID($B$32,2,FIND(",",$B$32)-2)),Data_new!$C$2:$C$2639,100,Data_new!$Q$2:$Q$2639,TRUE) | J33: =_xlfn.MAXIFS(Data_new!$I$2:$I$2639,Data_new!$A$2:$A$2639,3.6,Data_new!$B$2:$B$2639,VALUE(MID($B$32,2,FIND(",",$B$32)-2)),Data_new!$C$2:$C$2639,100,Data_new!$Q$2:$Q$2639,TRUE) | N33: real_on_ms | O33: =_xlfn.MINIFS(Data_new!$D$2:$D$2639,Data_new!$A$2:$A$2639,3.6,Data_new!$B$2:$B$2639,VALUE(MID($L$32,2,FIND(",",$L$32)-2)),Data_new!$C$2:$C$2639,80,Data_new!$Q$2:$Q$2639,TRUE) | P33: =_xlfn.MAXIFS(Data_new!$D$2:$D$2639,Data_new!$A$2:$A$2639,3.6,Data_new!$B$2:$B$2639,VALUE(MID($L$32,2,FIND(",",$L$32)-2)),Data_new!$C$2:$C$2639,80,Data_new!$Q$2:$Q$2639,TRUE) | Q33: nan | R33: nan | S33: =_xlfn.MINIFS(Data_new!$I$2:$I$2639,Data_new!$A$2:$A$2639,3.6,Data_new!$B$2:$B$2639,VALUE(MID($L$32,2,FIND(",",$L$32)-2)),Data_new!$C$2:$C$2639,80,Data_new!$Q$2:$Q$2639,TRUE) | T33: =_xlfn.MAXIFS(Data_new!$I$2:$I$2639,Data_new!$A$2:$A$2639,3.6,Data_new!$B$2:$B$2639,VALUE(MID($L$32,2,FIND(",",$L$32)-2)),Data_new!$C$2:$C$2639,80,Data_new!$Q$2:$Q$2639,TRUE) | X33: real_on_ms | Y33: =_xlfn.MINIFS(Data_new!$D$2:$D$2639,Data_new!$A$2:$A$2639,3.6,Data_new!$B$2:$B$2639,VALUE(MID($V$32,2,FIND(",",$V$32)-2)),Data_new!$C$2:$C$2639,60,Data_new!$Q$2:$Q$2639,TRUE) | Z33: =_xlfn.MAXIFS(Data_new!$D$2:$D$2639,Data_new!$A$2:$A$2639,3.6,Data_new!$B$2:$B$2639,VALUE(MID($V$32,2,FIND(",",$V$32)-2)),Data_new!$C$2:$C$2639,60,Data_new!$Q$2:$Q$2639,TRUE) | AA33: nan | AB33: nan | AC33: =_xlfn.MINIFS(Data_new!$I$2:$I$2639,Data_new!$A$2:$A$2639,3.6,Data_new!$B$2:$B$2639,VALUE(MID($V$32,2,FIND(",",$V$32)-2)),Data_new!$C$2:$C$2639,60,Data_new!$Q$2:$Q$2639,TRUE) | AD33: =_xlfn.MAXIFS(Data_new!$I$2:$I$2639,Data_new!$A$2:$A$2639,3.6,Data_new!$B$2:$B$2639,VALUE(MID($V$32,2,FIND(",",$V$32)-2)),Data_new!$C$2:$C$2639,60,Data_new!$Q$2:$Q$2639,TRUE)
B35: %10, 3.6V, %100 | D35: on_ms | E35: =_xlfn.MINIFS(Data_new!$D$2:$D$2639,Data_new!$A$2:$A$2639,3.6,Data_new!$B$2:$B$2639,VALUE(MID($B$35,2,FIND(",",$B$35)-2)),Data_new!$C$2:$C$2639,100,Data_new!$P$2:$P$2639,TRUE) | F35: =_xlfn.MAXIFS(Data_new!$D$2:$D$2639,Data_new!$A$2:$A$2639,3.6,Data_new!$B$2:$B$2639,VALUE(MID($B$35,2,FIND(",",$B$35)-2)),Data_new!$C$2:$C$2639,100,Data_new!$P$2:$P$2639,TRUE) | G35: =_xlfn.MINIFS(Data_new!$H$2:$H$2639,Data_new!$A$2:$A$2639,3.6,Data_new!$B$2:$B$2639,VALUE(MID($B$35,2,FIND(",",$B$35)-2)),Data_new!$C$2:$C$2639,100,Data_new!$P$2:$P$2639,TRUE) | H35: =_xlfn.MAXIFS(Data_new!$H$2:$H$2639,Data_new!$A$2:$A$2639,3.6,Data_new!$B$2:$B$2639,VALUE(MID($B$35,2,FIND(",",$B$35)-2)),Data_new!$C$2:$C$2639,100,Data_new!$P$2:$P$2639,TRUE) | I35: nan | J35: nan | L35: %10, 3.6V, %80 | N35: on_ms | O35: =_xlfn.MINIFS(Data_new!$D$2:$D$2639,Data_new!$A$2:$A$2639,3.6,Data_new!$B$2:$B$2639,VALUE(MID($L$35,2,FIND(",",$L$35)-2)),Data_new!$C$2:$C$2639,80,Data_new!$P$2:$P$2639,TRUE) | P35: =_xlfn.MAXIFS(Data_new!$D$2:$D$2639,Data_new!$A$2:$A$2639,3.6,Data_new!$B$2:$B$2639,VALUE(MID($L$35,2,FIND(",",$L$35)-2)),Data_new!$C$2:$C$2639,80,Data_new!$P$2:$P$2639,TRUE) | Q35: =_xlfn.MINIFS(Data_new!$H$2:$H$2639,Data_new!$A$2:$A$2639,3.6,Data_new!$B$2:$B$2639,VALUE(MID($L$35,2,FIND(",",$L$35)-2)),Data_new!$C$2:$C$2639,80,Data_new!$P$2:$P$2639,TRUE) | R35: =_xlfn.MAXIFS(Data_new!$H$2:$H$2639,Data_new!$A$2:$A$2639,3.6,Data_new!$B$2:$B$2639,VALUE(MID($L$35,2,FIND(",",$L$35)-2)),Data_new!$C$2:$C$2639,80,Data_new!$P$2:$P$2639,TRUE) | S35: nan | T35: nan | V35: %10, 3.6V, %60 | X35: on_ms | Y35: =_xlfn.MINIFS(Data_new!$D$2:$D$2639,Data_new!$A$2:$A$2639,3.6,Data_new!$B$2:$B$2639,VALUE(MID($V$35,2,FIND(",",$V$35)-2)),Data_new!$C$2:$C$2639,60,Data_new!$P$2:$P$2639,TRUE) | Z35: =_xlfn.MAXIFS(Data_new!$D$2:$D$2639,Data_new!$A$2:$A$2639,3.6,Data_new!$B$2:$B$2639,VALUE(MID($V$35,2,FIND(",",$V$35)-2)),Data_new!$C$2:$C$2639,60,Data_new!$P$2:$P$2639,TRUE) | AA35: =_xlfn.MINIFS(Data_new!$H$2:$H$2639,Data_new!$A$2:$A$2639,3.6,Data_new!$B$2:$B$2639,VALUE(MID($V$35,2,FIND(",",$V$35)-2)),Data_new!$C$2:$C$2639,60,Data_new!$P$2:$P$2639,TRUE) | AB35: =_xlfn.MAXIFS(Data_new!$H$2:$H$2639,Data_new!$A$2:$A$2639,3.6,Data_new!$B$2:$B$2639,VALUE(MID($V$35,2,FIND(",",$V$35)-2)),Data_new!$C$2:$C$2639,60,Data_new!$P$2:$P$2639,TRUE) | AC35: nan | AD35: nan
D36: real_on_ms | E36: =_xlfn.MINIFS(Data_new!$D$2:$D$2639,Data_new!$A$2:$A$2639,3.6,Data_new!$B$2:$B$2639,VALUE(MID($B$35,2,FIND(",",$B$35)-2)),Data_new!$C$2:$C$2639,100,Data_new!$Q$2:$Q$2639,TRUE) | F36: =_xlfn.MAXIFS(Data_new!$D$2:$D$2639,Data_new!$A$2:$A$2639,3.6,Data_new!$B$2:$B$2639,VALUE(MID($B$35,2,FIND(",",$B$35)-2)),Data_new!$C$2:$C$2639,100,Data_new!$Q$2:$Q$2639,TRUE) | G36: nan | H36: nan | I36: =_xlfn.MINIFS(Data_new!$I$2:$I$2639,Data_new!$A$2:$A$2639,3.6,Data_new!$B$2:$B$2639,VALUE(MID($B$35,2,FIND(",",$B$35)-2)),Data_new!$C$2:$C$2639,100,Data_new!$Q$2:$Q$2639,TRUE) | J36: =_xlfn.MAXIFS(Data_new!$I$2:$I$2639,Data_new!$A$2:$A$2639,3.6,Data_new!$B$2:$B$2639,VALUE(MID($B$35,2,FIND(",",$B$35)-2)),Data_new!$C$2:$C$2639,100,Data_new!$Q$2:$Q$2639,TRUE) | N36: real_on_ms | O36: =_xlfn.MINIFS(Data_new!$D$2:$D$2639,Data_new!$A$2:$A$2639,3.6,Data_new!$B$2:$B$2639,VALUE(MID($L$35,2,FIND(",",$L$35)-2)),Data_new!$C$2:$C$2639,80,Data_new!$Q$2:$Q$2639,TRUE) | P36: =_xlfn.MAXIFS(Data_new!$D$2:$D$2639,Data_new!$A$2:$A$2639,3.6,Data_new!$B$2:$B$2639,VALUE(MID($L$35,2,FIND(",",$L$35)-2)),Data_new!$C$2:$C$2639,80,Data_new!$Q$2:$Q$2639,TRUE) | Q36: nan | R36: nan | S36: =_xlfn.MINIFS(Data_new!$I$2:$I$2639,Data_new!$A$2:$A$2639,3.6,Data_new!$B$2:$B$2639,VALUE(MID($L$35,2,FIND(",",$L$35)-2)),Data_new!$C$2:$C$2639,80,Data_new!$Q$2:$Q$2639,TRUE) | T36: =_xlfn.MAXIFS(Data_new!$I$2:$I$2639,Data_new!$A$2:$A$2639,3.6,Data_new!$B$2:$B$2639,VALUE(MID($L$35,2,FIND(",",$L$35)-2)),Data_new!$C$2:$C$2639,80,Data_new!$Q$2:$Q$2639,TRUE) | X36: real_on_ms | Y36: =_xlfn.MINIFS(Data_new!$D$2:$D$2639,Data_new!$A$2:$A$2639,3.6,Data_new!$B$2:$B$2639,VALUE(MID($V$35,2,FIND(",",$V$35)-2)),Data_new!$C$2:$C$2639,60,Data_new!$Q$2:$Q$2639,TRUE) | Z36: =_xlfn.MAXIFS(Data_new!$D$2:$D$2639,Data_new!$A$2:$A$2639,3.6,Data_new!$B$2:$B$2639,VALUE(MID($V$35,2,FIND(",",$V$35)-2)),Data_new!$C$2:$C$2639,60,Data_new!$Q$2:$Q$2639,TRUE) | AA36: nan | AB36: nan | AC36: =_xlfn.MINIFS(Data_new!$I$2:$I$2639,Data_new!$A$2:$A$2639,3.6,Data_new!$B$2:$B$2639,VALUE(MID($V$35,2,FIND(",",$V$35)-2)),Data_new!$C$2:$C$2639,60,Data_new!$Q$2:$Q$2639,TRUE) | AD36: =_xlfn.MAXIFS(Data_new!$I$2:$I$2639,Data_new!$A$2:$A$2639,3.6,Data_new!$B$2:$B$2639,VALUE(MID($V$35,2,FIND(",",$V$35)-2)),Data_new!$C$2:$C$2639,60,Data_new!$Q$2:$Q$2639,TRUE)
B38: %15, 3.6V, %100 | D38: on_ms | E38: =_xlfn.MINIFS(Data_new!$D$2:$D$2639,Data_new!$A$2:$A$2639,3.6,Data_new!$B$2:$B$2639,VALUE(MID($B$38,2,FIND(",",$B$38)-2)),Data_new!$C$2:$C$2639,100,Data_new!$P$2:$P$2639,TRUE) | F38: =_xlfn.MAXIFS(Data_new!$D$2:$D$2639,Data_new!$A$2:$A$2639,3.6,Data_new!$B$2:$B$2639,VALUE(MID($B$38,2,FIND(",",$B$38)-2)),Data_new!$C$2:$C$2639,100,Data_new!$P$2:$P$2639,TRUE) | G38: =_xlfn.MINIFS(Data_new!$H$2:$H$2639,Data_new!$A$2:$A$2639,3.6,Data_new!$B$2:$B$2639,VALUE(MID($B$38,2,FIND(",",$B$38)-2)),Data_new!$C$2:$C$2639,100,Data_new!$P$2:$P$2639,TRUE) | H38: =_xlfn.MAXIFS(Data_new!$H$2:$H$2639,Data_new!$A$2:$A$2639,3.6,Data_new!$B$2:$B$2639,VALUE(MID($B$38,2,FIND(",",$B$38)-2)),Data_new!$C$2:$C$2639,100,Data_new!$P$2:$P$2639,TRUE) | I38: nan | J38: nan | L38: %15, 3.6V, %80 | N38: on_ms | O38: =_xlfn.MINIFS(Data_new!$D$2:$D$2639,Data_new!$A$2:$A$2639,3.6,Data_new!$B$2:$B$2639,VALUE(MID($L$38,2,FIND(",",$L$38)-2)),Data_new!$C$2:$C$2639,80,Data_new!$P$2:$P$2639,TRUE) | P38: =_xlfn.MAXIFS(Data_new!$D$2:$D$2639,Data_new!$A$2:$A$2639,3.6,Data_new!$B$2:$B$2639,VALUE(MID($L$38,2,FIND(",",$L$38)-2)),Data_new!$C$2:$C$2639,80,Data_new!$P$2:$P$2639,TRUE) | Q38: =_xlfn.MINIFS(Data_new!$H$2:$H$2639,Data_new!$A$2:$A$2639,3.6,Data_new!$B$2:$B$2639,VALUE(MID($L$38,2,FIND(",",$L$38)-2)),Data_new!$C$2:$C$2639,80,Data_new!$P$2:$P$2639,TRUE) | R38: =_xlfn.MAXIFS(Data_new!$H$2:$H$2639,Data_new!$A$2:$A$2639,3.6,Data_new!$B$2:$B$2639,VALUE(MID($L$38,2,FIND(",",$L$38)-2)),Data_new!$C$2:$C$2639,80,Data_new!$P$2:$P$2639,TRUE) | S38: nan | T38: nan | V38: %15, 3.6V, %60 | X38: on_ms | Y38: =_xlfn.MINIFS(Data_new!$D$2:$D$2639,Data_new!$A$2:$A$2639,3.6,Data_new!$B$2:$B$2639,VALUE(MID($V$38,2,FIND(",",$V$38)-2)),Data_new!$C$2:$C$2639,60,Data_new!$P$2:$P$2639,TRUE) | Z38: =_xlfn.MAXIFS(Data_new!$D$2:$D$2639,Data_new!$A$2:$A$2639,3.6,Data_new!$B$2:$B$2639,VALUE(MID($V$38,2,FIND(",",$V$38)-2)),Data_new!$C$2:$C$2639,60,Data_new!$P$2:$P$2639,TRUE) | AA38: =_xlfn.MINIFS(Data_new!$H$2:$H$2639,Data_new!$A$2:$A$2639,3.6,Data_new!$B$2:$B$2639,VALUE(MID($V$38,2,FIND(",",$V$38)-2)),Data_new!$C$2:$C$2639,60,Data_new!$P$2:$P$2639,TRUE) | AB38: =_xlfn.MAXIFS(Data_new!$H$2:$H$2639,Data_new!$A$2:$A$2639,3.6,Data_new!$B$2:$B$2639,VALUE(MID($V$38,2,FIND(",",$V$38)-2)),Data_new!$C$2:$C$2639,60,Data_new!$P$2:$P$2639,TRUE) | AC38: nan | AD38: nan
D39: real_on_ms | E39: =_xlfn.MINIFS(Data_new!$D$2:$D$2639,Data_new!$A$2:$A$2639,3.6,Data_new!$B$2:$B$2639,VALUE(MID($B$38,2,FIND(",",$B$38)-2)),Data_new!$C$2:$C$2639,100,Data_new!$Q$2:$Q$2639,TRUE) | F39: =_xlfn.MAXIFS(Data_new!$D$2:$D$2639,Data_new!$A$2:$A$2639,3.6,Data_new!$B$2:$B$2639,VALUE(MID($B$38,2,FIND(",",$B$38)-2)),Data_new!$C$2:$C$2639,100,Data_new!$Q$2:$Q$2639,TRUE) | G39: nan | H39: nan | I39: =_xlfn.MINIFS(Data_new!$I$2:$I$2639,Data_new!$A$2:$A$2639,3.6,Data_new!$B$2:$B$2639,VALUE(MID($B$38,2,FIND(",",$B$38)-2)),Data_new!$C$2:$C$2639,100,Data_new!$Q$2:$Q$2639,TRUE) | J39: =_xlfn.MAXIFS(Data_new!$I$2:$I$2639,Data_new!$A$2:$A$2639,3.6,Data_new!$B$2:$B$2639,VALUE(MID($B$38,2,FIND(",",$B$38)-2)),Data_new!$C$2:$C$2639,100,Data_new!$Q$2:$Q$2639,TRUE) | N39: real_on_ms | O39: =_xlfn.MINIFS(Data_new!$D$2:$D$2639,Data_new!$A$2:$A$2639,3.6,Data_new!$B$2:$B$2639,VALUE(MID($L$38,2,FIND(",",$L$38)-2)),Data_new!$C$2:$C$2639,80,Data_new!$Q$2:$Q$2639,TRUE) | P39: =_xlfn.MAXIFS(Data_new!$D$2:$D$2639,Data_new!$A$2:$A$2639,3.6,Data_new!$B$2:$B$2639,VALUE(MID($L$38,2,FIND(",",$L$38)-2)),Data_new!$C$2:$C$2639,80,Data_new!$Q$2:$Q$2639,TRUE) | Q39: nan | R39: nan | S39: =_xlfn.MINIFS(Data_new!$I$2:$I$2639,Data_new!$A$2:$A$2639,3.6,Data_new!$B$2:$B$2639,VALUE(MID($L$38,2,FIND(",",$L$38)-2)),Data_new!$C$2:$C$2639,80,Data_new!$Q$2:$Q$2639,TRUE) | T39: =_xlfn.MAXIFS(Data_new!$I$2:$I$2639,Data_new!$A$2:$A$2639,3.6,Data_new!$B$2:$B$2639,VALUE(MID($L$38,2,FIND(",",$L$38)-2)),Data_new!$C$2:$C$2639,80,Data_new!$Q$2:$Q$2639,TRUE) | X39: real_on_ms | Y39: =_xlfn.MINIFS(Data_new!$D$2:$D$2639,Data_new!$A$2:$A$2639,3.6,Data_new!$B$2:$B$2639,VALUE(MID($V$38,2,FIND(",",$V$38)-2)),Data_new!$C$2:$C$2639,60,Data_new!$Q$2:$Q$2639,TRUE) | Z39: =_xlfn.MAXIFS(Data_new!$D$2:$D$2639,Data_new!$A$2:$A$2639,3.6,Data_new!$B$2:$B$2639,VALUE(MID($V$38,2,FIND(",",$V$38)-2)),Data_new!$C$2:$C$2639,60,Data_new!$Q$2:$Q$2639,TRUE) | AA39: nan | AB39: nan | AC39: =_xlfn.MINIFS(Data_new!$I$2:$I$2639,Data_new!$A$2:$A$2639,3.6,Data_new!$B$2:$B$2639,VALUE(MID($V$38,2,FIND(",",$V$38)-2)),Data_new!$C$2:$C$2639,60,Data_new!$Q$2:$Q$2639,TRUE) | AD39: =_xlfn.MAXIFS(Data_new!$I$2:$I$2639,Data_new!$A$2:$A$2639,3.6,Data_new!$B$2:$B$2639,VALUE(MID($V$38,2,FIND(",",$V$38)-2)),Data_new!$C$2:$C$2639,60,Data_new!$Q$2:$Q$2639,TRUE)
B41: %100, 3.6V, %100 | D41: on_ms | E41: =_xlfn.MINIFS(Data_new!$D$2:$D$2639,Data_new!$A$2:$A$2639,3.6,Data_new!$B$2:$B$2639,VALUE(MID($B$41,2,FIND(",",$B$41)-2)),Data_new!$C$2:$C$2639,100,Data_new!$P$2:$P$2639,TRUE) | F41: =_xlfn.MAXIFS(Data_new!$D$2:$D$2639,Data_new!$A$2:$A$2639,3.6,Data_new!$B$2:$B$2639,VALUE(MID($B$41,2,FIND(",",$B$41)-2)),Data_new!$C$2:$C$2639,100,Data_new!$P$2:$P$2639,TRUE) | G41: =_xlfn.MINIFS(Data_new!$H$2:$H$2639,Data_new!$A$2:$A$2639,3.6,Data_new!$B$2:$B$2639,VALUE(MID($B$41,2,FIND(",",$B$41)-2)),Data_new!$C$2:$C$2639,100,Data_new!$P$2:$P$2639,TRUE) | H41: =_xlfn.MAXIFS(Data_new!$H$2:$H$2639,Data_new!$A$2:$A$2639,3.6,Data_new!$B$2:$B$2639,VALUE(MID($B$41,2,FIND(",",$B$41)-2)),Data_new!$C$2:$C$2639,100,Data_new!$P$2:$P$2639,TRUE) | I41: nan | J41: nan | L41: %100, 3.6V, %80 | N41: on_ms | O41: =_xlfn.MINIFS(Data_new!$D$2:$D$2639,Data_new!$A$2:$A$2639,3.6,Data_new!$B$2:$B$2639,VALUE(MID($L$41,2,FIND(",",$L$41)-2)),Data_new!$C$2:$C$2639,80,Data_new!$P$2:$P$2639,TRUE) | P41: =_xlfn.MAXIFS(Data_new!$D$2:$D$2639,Data_new!$A$2:$A$2639,3.6,Data_new!$B$2:$B$2639,VALUE(MID($L$41,2,FIND(",",$L$41)-2)),Data_new!$C$2:$C$2639,80,Data_new!$P$2:$P$2639,TRUE) | Q41: =_xlfn.MINIFS(Data_new!$H$2:$H$2639,Data_new!$A$2:$A$2639,3.6,Data_new!$B$2:$B$2639,VALUE(MID($L$41,2,FIND(",",$L$41)-2)),Data_new!$C$2:$C$2639,80,Data_new!$P$2:$P$2639,TRUE) | R41: =_xlfn.MAXIFS(Data_new!$H$2:$H$2639,Data_new!$A$2:$A$2639,3.6,Data_new!$B$2:$B$2639,VALUE(MID($L$41,2,FIND(",",$L$41)-2)),Data_new!$C$2:$C$2639,80,Data_new!$P$2:$P$2639,TRUE) | S41: nan | T41: nan | V41: %100, 3.6V, %60 | X41: on_ms | Y41: =_xlfn.MINIFS(Data_new!$D$2:$D$2639,Data_new!$A$2:$A$2639,3.6,Data_new!$B$2:$B$2639,VALUE(MID($V$41,2,FIND(",",$V$41)-2)),Data_new!$C$2:$C$2639,60,Data_new!$P$2:$P$2639,TRUE) | Z41: =_xlfn.MAXIFS(Data_new!$D$2:$D$2639,Data_new!$A$2:$A$2639,3.6,Data_new!$B$2:$B$2639,VALUE(MID($V$41,2,FIND(",",$V$41)-2)),Data_new!$C$2:$C$2639,60,Data_new!$P$2:$P$2639,TRUE) | AA41: =_xlfn.MINIFS(Data_new!$H$2:$H$2639,Data_new!$A$2:$A$2639,3.6,Data_new!$B$2:$B$2639,VALUE(MID($V$41,2,FIND(",",$V$41)-2)),Data_new!$C$2:$C$2639,60,Data_new!$P$2:$P$2639,TRUE) | AB41: =_xlfn.MAXIFS(Data_new!$H$2:$H$2639,Data_new!$A$2:$A$2639,3.6,Data_new!$B$2:$B$2639,VALUE(MID($V$41,2,FIND(",",$V$41)-2)),Data_new!$C$2:$C$2639,60,Data_new!$P$2:$P$2639,TRUE) | AC41: nan | AD41: nan
D42: real_on_ms | E42: =_xlfn.MINIFS(Data_new!$D$2:$D$2639,Data_new!$A$2:$A$2639,3.6,Data_new!$B$2:$B$2639,VALUE(MID($B$41,2,FIND(",",$B$41)-2)),Data_new!$C$2:$C$2639,100,Data_new!$Q$2:$Q$2639,TRUE) | F42: =_xlfn.MAXIFS(Data_new!$D$2:$D$2639,Data_new!$A$2:$A$2639,3.6,Data_new!$B$2:$B$2639,VALUE(MID($B$41,2,FIND(",",$B$41)-2)),Data_new!$C$2:$C$2639,100,Data_new!$Q$2:$Q$2639,TRUE) | G42: nan | H42: nan | I42: =_xlfn.MINIFS(Data_new!$I$2:$I$2639,Data_new!$A$2:$A$2639,3.6,Data_new!$B$2:$B$2639,VALUE(MID($B$41,2,FIND(",",$B$41)-2)),Data_new!$C$2:$C$2639,100,Data_new!$Q$2:$Q$2639,TRUE) | J42: =_xlfn.MAXIFS(Data_new!$I$2:$I$2639,Data_new!$A$2:$A$2639,3.6,Data_new!$B$2:$B$2639,VALUE(MID($B$41,2,FIND(",",$B$41)-2)),Data_new!$C$2:$C$2639,100,Data_new!$Q$2:$Q$2639,TRUE) | N42: real_on_ms | O42: =_xlfn.MINIFS(Data_new!$D$2:$D$2639,Data_new!$A$2:$A$2639,3.6,Data_new!$B$2:$B$2639,VALUE(MID($L$41,2,FIND(",",$L$41)-2)),Data_new!$C$2:$C$2639,80,Data_new!$Q$2:$Q$2639,TRUE) | P42: =_xlfn.MAXIFS(Data_new!$D$2:$D$2639,Data_new!$A$2:$A$2639,3.6,Data_new!$B$2:$B$2639,VALUE(MID($L$41,2,FIND(",",$L$41)-2)),Data_new!$C$2:$C$2639,80,Data_new!$Q$2:$Q$2639,TRUE) | Q42: nan | R42: nan | S42: =_xlfn.MINIFS(Data_new!$I$2:$I$2639,Data_new!$A$2:$A$2639,3.6,Data_new!$B$2:$B$2639,VALUE(MID($L$41,2,FIND(",",$L$41)-2)),Data_new!$C$2:$C$2639,80,Data_new!$Q$2:$Q$2639,TRUE) | T42: =_xlfn.MAXIFS(Data_new!$I$2:$I$2639,Data_new!$A$2:$A$2639,3.6,Data_new!$B$2:$B$2639,VALUE(MID($L$41,2,FIND(",",$L$41)-2)),Data_new!$C$2:$C$2639,80,Data_new!$Q$2:$Q$2639,TRUE) | X42: real_on_ms | Y42: =_xlfn.MINIFS(Data_new!$D$2:$D$2639,Data_new!$A$2:$A$2639,3.6,Data_new!$B$2:$B$2639,VALUE(MID($V$41,2,FIND(",",$V$41)-2)),Data_new!$C$2:$C$2639,60,Data_new!$Q$2:$Q$2639,TRUE) | Z42: =_xlfn.MAXIFS(Data_new!$D$2:$D$2639,Data_new!$A$2:$A$2639,3.6,Data_new!$B$2:$B$2639,VALUE(MID($V$41,2,FIND(",",$V$41)-2)),Data_new!$C$2:$C$2639,60,Data_new!$Q$2:$Q$2639,TRUE) | AA42: nan | AB42: nan | AC42: =_xlfn.MINIFS(Data_new!$I$2:$I$2639,Data_new!$A$2:$A$2639,3.6,Data_new!$B$2:$B$2639,VALUE(MID($V$41,2,FIND(",",$V$41)-2)),Data_new!$C$2:$C$2639,60,Data_new!$Q$2:$Q$2639,TRUE) | AD42: =_xlfn.MAXIFS(Data_new!$I$2:$I$2639,Data_new!$A$2:$A$2639,3.6,Data_new!$B$2:$B$2639,VALUE(MID($V$41,2,FIND(",",$V$41)-2)),Data_new!$C$2:$C$2639,60,Data_new!$Q$2:$Q$2639,TRUE)
E48: min_kick_ms | F48: max_kick_ms | G48: min_on_ms | H48: max_on_ms | I48: min_real_on_ms | J48: max_real_on_ms | O48: min_kick_ms | P48: max_kick_ms | Q48: min_on_ms | R48: max_on_ms | S48: min_real_on_ms | T48: max_real_on_ms | Y48: min_kick_ms | Z48: max_kick_ms | AA48: min_on_ms | AB48: max_on_ms | AC48: min_real_on_ms | AD48: max_real_on_ms
B49: %6, 3.4V, %100 | D49: on_ms | E49: =_xlfn.MINIFS(Data_new!$D$2:$D$2639,Data_new!$A$2:$A$2639,3.4,Data_new!$B$2:$B$2639,VALUE(MID($B$49,2,FIND(",",$B$49)-2)),Data_new!$C$2:$C$2639,100,Data_new!$P$2:$P$2639,TRUE) | F49: =_xlfn.MAXIFS(Data_new!$D$2:$D$2639,Data_new!$A$2:$A$2639,3.4,Data_new!$B$2:$B$2639,VALUE(MID($B$49,2,FIND(",",$B$49)-2)),Data_new!$C$2:$C$2639,100,Data_new!$P$2:$P$2639,TRUE) | G49: =_xlfn.MINIFS(Data_new!$H$2:$H$2639,Data_new!$A$2:$A$2639,3.4,Data_new!$B$2:$B$2639,VALUE(MID($B$49,2,FIND(",",$B$49)-2)),Data_new!$C$2:$C$2639,100,Data_new!$P$2:$P$2639,TRUE) | H49: =_xlfn.MAXIFS(Data_new!$H$2:$H$2639,Data_new!$A$2:$A$2639,3.4,Data_new!$B$2:$B$2639,VALUE(MID($B$49,2,FIND(",",$B$49)-2)),Data_new!$C$2:$C$2639,100,Data_new!$P$2:$P$2639,TRUE) | I49: nan | J49: nan | L49: %6, 3.4V, %80 | N49: on_ms | O49: =_xlfn.MINIFS(Data_new!$D$2:$D$2639,Data_new!$A$2:$A$2639,3.4,Data_new!$B$2:$B$2639,VALUE(MID($L$49,2,FIND(",",$L$49)-2)),Data_new!$C$2:$C$2639,80,Data_new!$P$2:$P$2639,TRUE) | P49: =_xlfn.MAXIFS(Data_new!$D$2:$D$2639,Data_new!$A$2:$A$2639,3.4,Data_new!$B$2:$B$2639,VALUE(MID($L$49,2,FIND(",",$L$49)-2)),Data_new!$C$2:$C$2639,80,Data_new!$P$2:$P$2639,TRUE) | Q49: =_xlfn.MINIFS(Data_new!$H$2:$H$2639,Data_new!$A$2:$A$2639,3.4,Data_new!$B$2:$B$2639,VALUE(MID($L$49,2,FIND(",",$L$49)-2)),Data_new!$C$2:$C$2639,80,Data_new!$P$2:$P$2639,TRUE) | R49: =_xlfn.MAXIFS(Data_new!$H$2:$H$2639,Data_new!$A$2:$A$2639,3.4,Data_new!$B$2:$B$2639,VALUE(MID($L$49,2,FIND(",",$L$49)-2)),Data_new!$C$2:$C$2639,80,Data_new!$P$2:$P$2639,TRUE) | S49: nan | T49: nan | V49: %6, 3.4V, %60 | X49: on_ms | Y49: =_xlfn.MINIFS(Data_new!$D$2:$D$2639,Data_new!$A$2:$A$2639,3.4,Data_new!$B$2:$B$2639,VALUE(MID($V$49,2,FIND(",",$V$49)-2)),Data_new!$C$2:$C$2639,60,Data_new!$P$2:$P$2639,TRUE) | Z49: =_xlfn.MAXIFS(Data_new!$D$2:$D$2639,Data_new!$A$2:$A$2639,3.4,Data_new!$B$2:$B$2639,VALUE(MID($V$49,2,FIND(",",$V$49)-2)),Data_new!$C$2:$C$2639,60,Data_new!$P$2:$P$2639,TRUE) | AA49: =_xlfn.MINIFS(Data_new!$H$2:$H$2639,Data_new!$A$2:$A$2639,3.4,Data_new!$B$2:$B$2639,VALUE(MID($V$49,2,FIND(",",$V$49)-2)),Data_new!$C$2:$C$2639,60,Data_new!$P$2:$P$2639,TRUE) | AB49: =_xlfn.MAXIFS(Data_new!$H$2:$H$2639,Data_new!$A$2:$A$2639,3.4,Data_new!$B$2:$B$2639,VALUE(MID($V$49,2,FIND(",",$V$49)-2)),Data_new!$C$2:$C$2639,60,Data_new!$P$2:$P$2639,TRUE) | AC49: nan | AD49: nan
D50: real_on_ms | E50: =_xlfn.MINIFS(Data_new!$D$2:$D$2639,Data_new!$A$2:$A$2639,3.4,Data_new!$B$2:$B$2639,VALUE(MID($B$49,2,FIND(",",$B$49)-2)),Data_new!$C$2:$C$2639,100,Data_new!$Q$2:$Q$2639,TRUE) | F50: =_xlfn.MAXIFS(Data_new!$D$2:$D$2639,Data_new!$A$2:$A$2639,3.4,Data_new!$B$2:$B$2639,VALUE(MID($B$49,2,FIND(",",$B$49)-2)),Data_new!$C$2:$C$2639,100,Data_new!$Q$2:$Q$2639,TRUE) | G50: nan | H50: nan | I50: =_xlfn.MINIFS(Data_new!$I$2:$I$2639,Data_new!$A$2:$A$2639,3.4,Data_new!$B$2:$B$2639,VALUE(MID($B$49,2,FIND(",",$B$49)-2)),Data_new!$C$2:$C$2639,100,Data_new!$Q$2:$Q$2639,TRUE) | J50: =_xlfn.MAXIFS(Data_new!$I$2:$I$2639,Data_new!$A$2:$A$2639,3.4,Data_new!$B$2:$B$2639,VALUE(MID($B$49,2,FIND(",",$B$49)-2)),Data_new!$C$2:$C$2639,100,Data_new!$Q$2:$Q$2639,TRUE) | N50: real_on_ms | O50: =_xlfn.MINIFS(Data_new!$D$2:$D$2639,Data_new!$A$2:$A$2639,3.4,Data_new!$B$2:$B$2639,VALUE(MID($L$49,2,FIND(",",$L$49)-2)),Data_new!$C$2:$C$2639,80,Data_new!$Q$2:$Q$2639,TRUE) | P50: =_xlfn.MAXIFS(Data_new!$D$2:$D$2639,Data_new!$A$2:$A$2639,3.4,Data_new!$B$2:$B$2639,VALUE(MID($L$49,2,FIND(",",$L$49)-2)),Data_new!$C$2:$C$2639,80,Data_new!$Q$2:$Q$2639,TRUE) | Q50: nan | R50: nan | S50: =_xlfn.MINIFS(Data_new!$I$2:$I$2639,Data_new!$A$2:$A$2639,3.4,Data_new!$B$2:$B$2639,VALUE(MID($L$49,2,FIND(",",$L$49)-2)),Data_new!$C$2:$C$2639,80,Data_new!$Q$2:$Q$2639,TRUE) | T50: =_xlfn.MAXIFS(Data_new!$I$2:$I$2639,Data_new!$A$2:$A$2639,3.4,Data_new!$B$2:$B$2639,VALUE(MID($L$49,2,FIND(",",$L$49)-2)),Data_new!$C$2:$C$2639,80,Data_new!$Q$2:$Q$2639,TRUE) | X50: real_on_ms | Y50: =_xlfn.MINIFS(Data_new!$D$2:$D$2639,Data_new!$A$2:$A$2639,3.4,Data_new!$B$2:$B$2639,VALUE(MID($V$49,2,FIND(",",$V$49)-2)),Data_new!$C$2:$C$2639,60,Data_new!$Q$2:$Q$2639,TRUE) | Z50: =_xlfn.MAXIFS(Data_new!$D$2:$D$2639,Data_new!$A$2:$A$2639,3.4,Data_new!$B$2:$B$2639,VALUE(MID($V$49,2,FIND(",",$V$49)-2)),Data_new!$C$2:$C$2639,60,Data_new!$Q$2:$Q$2639,TRUE) | AA50: nan | AB50: nan | AC50: =_xlfn.MINIFS(Data_new!$I$2:$I$2639,Data_new!$A$2:$A$2639,3.4,Data_new!$B$2:$B$2639,VALUE(MID($V$49,2,FIND(",",$V$49)-2)),Data_new!$C$2:$C$2639,60,Data_new!$Q$2:$Q$2639,TRUE) | AD50: =_xlfn.MAXIFS(Data_new!$I$2:$I$2639,Data_new!$A$2:$A$2639,3.4,Data_new!$B$2:$B$2639,VALUE(MID($V$49,2,FIND(",",$V$49)-2)),Data_new!$C$2:$C$2639,60,Data_new!$Q$2:$Q$2639,TRUE)
B52: %7, 3.4V, %100 | D52: on_ms | E52: =_xlfn.MINIFS(Data_new!$D$2:$D$2639,Data_new!$A$2:$A$2639,3.4,Data_new!$B$2:$B$2639,VALUE(MID($B$52,2,FIND(",",$B$52)-2)),Data_new!$C$2:$C$2639,100,Data_new!$P$2:$P$2639,TRUE) | F52: =_xlfn.MAXIFS(Data_new!$D$2:$D$2639,Data_new!$A$2:$A$2639,3.4,Data_new!$B$2:$B$2639,VALUE(MID($B$52,2,FIND(",",$B$52)-2)),Data_new!$C$2:$C$2639,100,Data_new!$P$2:$P$2639,TRUE) | G52: =_xlfn.MINIFS(Data_new!$H$2:$H$2639,Data_new!$A$2:$A$2639,3.4,Data_new!$B$2:$B$2639,VALUE(MID($B$52,2,FIND(",",$B$52)-2)),Data_new!$C$2:$C$2639,100,Data_new!$P$2:$P$2639,TRUE) | H52: =_xlfn.MAXIFS(Data_new!$H$2:$H$2639,Data_new!$A$2:$A$2639,3.4,Data_new!$B$2:$B$2639,VALUE(MID($B$52,2,FIND(",",$B$52)-2)),Data_new!$C$2:$C$2639,100,Data_new!$P$2:$P$2639,TRUE) | I52: nan | J52: nan | L52: %7, 3.4V, %80 | N52: on_ms | O52: =_xlfn.MINIFS(Data_new!$D$2:$D$2639,Data_new!$A$2:$A$2639,3.4,Data_new!$B$2:$B$2639,VALUE(MID($L$52,2,FIND(",",$L$52)-2)),Data_new!$C$2:$C$2639,80,Data_new!$P$2:$P$2639,TRUE) | P52: =_xlfn.MAXIFS(Data_new!$D$2:$D$2639,Data_new!$A$2:$A$2639,3.4,Data_new!$B$2:$B$2639,VALUE(MID($L$52,2,FIND(",",$L$52)-2)),Data_new!$C$2:$C$2639,80,Data_new!$P$2:$P$2639,TRUE) | Q52: =_xlfn.MINIFS(Data_new!$H$2:$H$2639,Data_new!$A$2:$A$2639,3.4,Data_new!$B$2:$B$2639,VALUE(MID($L$52,2,FIND(",",$L$52)-2)),Data_new!$C$2:$C$2639,80,Data_new!$P$2:$P$2639,TRUE) | R52: =_xlfn.MAXIFS(Data_new!$H$2:$H$2639,Data_new!$A$2:$A$2639,3.4,Data_new!$B$2:$B$2639,VALUE(MID($L$52,2,FIND(",",$L$52)-2)),Data_new!$C$2:$C$2639,80,Data_new!$P$2:$P$2639,TRUE) | S52: nan | T52: nan | V52: %7, 3.4V, %60 | X52: on_ms | Y52: =_xlfn.MINIFS(Data_new!$D$2:$D$2639,Data_new!$A$2:$A$2639,3.4,Data_new!$B$2:$B$2639,VALUE(MID($V$52,2,FIND(",",$V$52)-2)),Data_new!$C$2:$C$2639,60,Data_new!$P$2:$P$2639,TRUE) | Z52: =_xlfn.MAXIFS(Data_new!$D$2:$D$2639,Data_new!$A$2:$A$2639,3.4,Data_new!$B$2:$B$2639,VALUE(MID($V$52,2,FIND(",",$V$52)-2)),Data_new!$C$2:$C$2639,60,Data_new!$P$2:$P$2639,TRUE) | AA52: =_xlfn.MINIFS(Data_new!$H$2:$H$2639,Data_new!$A$2:$A$2639,3.4,Data_new!$B$2:$B$2639,VALUE(MID($V$52,2,FIND(",",$V$52)-2)),Data_new!$C$2:$C$2639,60,Data_new!$P$2:$P$2639,TRUE) | AB52: =_xlfn.MAXIFS(Data_new!$H$2:$H$2639,Data_new!$A$2:$A$2639,3.4,Data_new!$B$2:$B$2639,VALUE(MID($V$52,2,FIND(",",$V$52)-2)),Data_new!$C$2:$C$2639,60,Data_new!$P$2:$P$2639,TRUE) | AC52: nan | AD52: nan
D53: real_on_ms | E53: =_xlfn.MINIFS(Data_new!$D$2:$D$2639,Data_new!$A$2:$A$2639,3.4,Data_new!$B$2:$B$2639,VALUE(MID($B$52,2,FIND(",",$B$52)-2)),Data_new!$C$2:$C$2639,100,Data_new!$Q$2:$Q$2639,TRUE) | F53: =_xlfn.MAXIFS(Data_new!$D$2:$D$2639,Data_new!$A$2:$A$2639,3.4,Data_new!$B$2:$B$2639,VALUE(MID($B$52,2,FIND(",",$B$52)-2)),Data_new!$C$2:$C$2639,100,Data_new!$Q$2:$Q$2639,TRUE) | G53: nan | H53: nan | I53: =_xlfn.MINIFS(Data_new!$I$2:$I$2639,Data_new!$A$2:$A$2639,3.4,Data_new!$B$2:$B$2639,VALUE(MID($B$52,2,FIND(",",$B$52)-2)),Data_new!$C$2:$C$2639,100,Data_new!$Q$2:$Q$2639,TRUE) | J53: =_xlfn.MAXIFS(Data_new!$I$2:$I$2639,Data_new!$A$2:$A$2639,3.4,Data_new!$B$2:$B$2639,VALUE(MID($B$52,2,FIND(",",$B$52)-2)),Data_new!$C$2:$C$2639,100,Data_new!$Q$2:$Q$2639,TRUE) | N53: real_on_ms | O53: =_xlfn.MINIFS(Data_new!$D$2:$D$2639,Data_new!$A$2:$A$2639,3.4,Data_new!$B$2:$B$2639,VALUE(MID($L$52,2,FIND(",",$L$52)-2)),Data_new!$C$2:$C$2639,80,Data_new!$Q$2:$Q$2639,TRUE) | P53: =_xlfn.MAXIFS(Data_new!$D$2:$D$2639,Data_new!$A$2:$A$2639,3.4,Data_new!$B$2:$B$2639,VALUE(MID($L$52,2,FIND(",",$L$52)-2)),Data_new!$C$2:$C$2639,80,Data_new!$Q$2:$Q$2639,TRUE) | Q53: nan | R53: nan | S53: =_xlfn.MINIFS(Data_new!$I$2:$I$2639,Data_new!$A$2:$A$2639,3.4,Data_new!$B$2:$B$2639,VALUE(MID($L$52,2,FIND(",",$L$52)-2)),Data_new!$C$2:$C$2639,80,Data_new!$Q$2:$Q$2639,TRUE) | T53: =_xlfn.MAXIFS(Data_new!$I$2:$I$2639,Data_new!$A$2:$A$2639,3.4,Data_new!$B$2:$B$2639,VALUE(MID($L$52,2,FIND(",",$L$52)-2)),Data_new!$C$2:$C$2639,80,Data_new!$Q$2:$Q$2639,TRUE) | X53: real_on_ms | Y53: =_xlfn.MINIFS(Data_new!$D$2:$D$2639,Data_new!$A$2:$A$2639,3.4,Data_new!$B$2:$B$2639,VALUE(MID($V$52,2,FIND(",",$V$52)-2)),Data_new!$C$2:$C$2639,60,Data_new!$Q$2:$Q$2639,TRUE) | Z53: =_xlfn.MAXIFS(Data_new!$D$2:$D$2639,Data_new!$A$2:$A$2639,3.4,Data_new!$B$2:$B$2639,VALUE(MID($V$52,2,FIND(",",$V$52)-2)),Data_new!$C$2:$C$2639,60,Data_new!$Q$2:$Q$2639,TRUE) | AA53: nan | AB53: nan | AC53: =_xlfn.MINIFS(Data_new!$I$2:$I$2639,Data_new!$A$2:$A$2639,3.4,Data_new!$B$2:$B$2639,VALUE(MID($V$52,2,FIND(",",$V$52)-2)),Data_new!$C$2:$C$2639,60,Data_new!$Q$2:$Q$2639,TRUE) | AD53: =_xlfn.MAXIFS(Data_new!$I$2:$I$2639,Data_new!$A$2:$A$2639,3.4,Data_new!$B$2:$B$2639,VALUE(MID($V$52,2,FIND(",",$V$52)-2)),Data_new!$C$2:$C$2639,60,Data_new!$Q$2:$Q$2639,TRUE)
B55: %8, 3.4V, %100 | D55: on_ms | E55: =_xlfn.MINIFS(Data_new!$D$2:$D$2639,Data_new!$A$2:$A$2639,3.4,Data_new!$B$2:$B$2639,VALUE(MID($B$55,2,FIND(",",$B$55)-2)),Data_new!$C$2:$C$2639,100,Data_new!$P$2:$P$2639,TRUE) | F55: =_xlfn.MAXIFS(Data_new!$D$2:$D$2639,Data_new!$A$2:$A$2639,3.4,Data_new!$B$2:$B$2639,VALUE(MID($B$55,2,FIND(",",$B$55)-2)),Data_new!$C$2:$C$2639,100,Data_new!$P$2:$P$2639,TRUE) | G55: =_xlfn.MINIFS(Data_new!$H$2:$H$2639,Data_new!$A$2:$A$2639,3.4,Data_new!$B$2:$B$2639,VALUE(MID($B$55,2,FIND(",",$B$55)-2)),Data_new!$C$2:$C$2639,100,Data_new!$P$2:$P$2639,TRUE) | H55: =_xlfn.MAXIFS(Data_new!$H$2:$H$2639,Data_new!$A$2:$A$2639,3.4,Data_new!$B$2:$B$2639,VALUE(MID($B$55,2,FIND(",",$B$55)-2)),Data_new!$C$2:$C$2639,100,Data_new!$P$2:$P$2639,TRUE) | I55: nan | J55: nan | L55: %8, 3.4V, %80 | N55: on_ms | O55: =_xlfn.MINIFS(Data_new!$D$2:$D$2639,Data_new!$A$2:$A$2639,3.4,Data_new!$B$2:$B$2639,VALUE(MID($L$55,2,FIND(",",$L$55)-2)),Data_new!$C$2:$C$2639,80,Data_new!$P$2:$P$2639,TRUE) | P55: =_xlfn.MAXIFS(Data_new!$D$2:$D$2639,Data_new!$A$2:$A$2639,3.4,Data_new!$B$2:$B$2639,VALUE(MID($L$55,2,FIND(",",$L$55)-2)),Data_new!$C$2:$C$2639,80,Data_new!$P$2:$P$2639,TRUE) | Q55: =_xlfn.MINIFS(Data_new!$H$2:$H$2639,Data_new!$A$2:$A$2639,3.4,Data_new!$B$2:$B$2639,VALUE(MID($L$55,2,FIND(",",$L$55)-2)),Data_new!$C$2:$C$2639,80,Data_new!$P$2:$P$2639,TRUE) | R55: =_xlfn.MAXIFS(Data_new!$H$2:$H$2639,Data_new!$A$2:$A$2639,3.4,Data_new!$B$2:$B$2639,VALUE(MID($L$55,2,FIND(",",$L$55)-2)),Data_new!$C$2:$C$2639,80,Data_new!$P$2:$P$2639,TRUE) | S55: nan | T55: nan | V55: %8, 3.4V, %60 | X55: on_ms | Y55: =_xlfn.MINIFS(Data_new!$D$2:$D$2639,Data_new!$A$2:$A$2639,3.4,Data_new!$B$2:$B$2639,VALUE(MID($V$55,2,FIND(",",$V$55)-2)),Data_new!$C$2:$C$2639,60,Data_new!$P$2:$P$2639,TRUE) | Z55: =_xlfn.MAXIFS(Data_new!$D$2:$D$2639,Data_new!$A$2:$A$2639,3.4,Data_new!$B$2:$B$2639,VALUE(MID($V$55,2,FIND(",",$V$55)-2)),Data_new!$C$2:$C$2639,60,Data_new!$P$2:$P$2639,TRUE) | AA55: =_xlfn.MINIFS(Data_new!$H$2:$H$2639,Data_new!$A$2:$A$2639,3.4,Data_new!$B$2:$B$2639,VALUE(MID($V$55,2,FIND(",",$V$55)-2)),Data_new!$C$2:$C$2639,60,Data_new!$P$2:$P$2639,TRUE) | AB55: =_xlfn.MAXIFS(Data_new!$H$2:$H$2639,Data_new!$A$2:$A$2639,3.4,Data_new!$B$2:$B$2639,VALUE(MID($V$55,2,FIND(",",$V$55)-2)),Data_new!$C$2:$C$2639,60,Data_new!$P$2:$P$2639,TRUE) | AC55: nan | AD55: nan
D56: real_on_ms | E56: =_xlfn.MINIFS(Data_new!$D$2:$D$2639,Data_new!$A$2:$A$2639,3.4,Data_new!$B$2:$B$2639,VALUE(MID($B$55,2,FIND(",",$B$55)-2)),Data_new!$C$2:$C$2639,100,Data_new!$Q$2:$Q$2639,TRUE) | F56: =_xlfn.MAXIFS(Data_new!$D$2:$D$2639,Data_new!$A$2:$A$2639,3.4,Data_new!$B$2:$B$2639,VALUE(MID($B$55,2,FIND(",",$B$55)-2)),Data_new!$C$2:$C$2639,100,Data_new!$Q$2:$Q$2639,TRUE) | G56: nan | H56: nan | I56: =_xlfn.MINIFS(Data_new!$I$2:$I$2639,Data_new!$A$2:$A$2639,3.4,Data_new!$B$2:$B$2639,VALUE(MID($B$55,2,FIND(",",$B$55)-2)),Data_new!$C$2:$C$2639,100,Data_new!$Q$2:$Q$2639,TRUE) | J56: =_xlfn.MAXIFS(Data_new!$I$2:$I$2639,Data_new!$A$2:$A$2639,3.4,Data_new!$B$2:$B$2639,VALUE(MID($B$55,2,FIND(",",$B$55)-2)),Data_new!$C$2:$C$2639,100,Data_new!$Q$2:$Q$2639,TRUE) | N56: real_on_ms | O56: =_xlfn.MINIFS(Data_new!$D$2:$D$2639,Data_new!$A$2:$A$2639,3.4,Data_new!$B$2:$B$2639,VALUE(MID($L$55,2,FIND(",",$L$55)-2)),Data_new!$C$2:$C$2639,80,Data_new!$Q$2:$Q$2639,TRUE) | P56: =_xlfn.MAXIFS(Data_new!$D$2:$D$2639,Data_new!$A$2:$A$2639,3.4,Data_new!$B$2:$B$2639,VALUE(MID($L$55,2,FIND(",",$L$55)-2)),Data_new!$C$2:$C$2639,80,Data_new!$Q$2:$Q$2639,TRUE) | Q56: nan | R56: nan | S56: =_xlfn.MINIFS(Data_new!$I$2:$I$2639,Data_new!$A$2:$A$2639,3.4,Data_new!$B$2:$B$2639,VALUE(MID($L$55,2,FIND(",",$L$55)-2)),Data_new!$C$2:$C$2639,80,Data_new!$Q$2:$Q$2639,TRUE) | T56: =_xlfn.MAXIFS(Data_new!$I$2:$I$2639,Data_new!$A$2:$A$2639,3.4,Data_new!$B$2:$B$2639,VALUE(MID($L$55,2,FIND(",",$L$55)-2)),Data_new!$C$2:$C$2639,80,Data_new!$Q$2:$Q$2639,TRUE) | X56: real_on_ms | Y56: =_xlfn.MINIFS(Data_new!$D$2:$D$2639,Data_new!$A$2:$A$2639,3.4,Data_new!$B$2:$B$2639,VALUE(MID($V$55,2,FIND(",",$V$55)-2)),Data_new!$C$2:$C$2639,60,Data_new!$Q$2:$Q$2639,TRUE) | Z56: =_xlfn.MAXIFS(Data_new!$D$2:$D$2639,Data_new!$A$2:$A$2639,3.4,Data_new!$B$2:$B$2639,VALUE(MID($V$55,2,FIND(",",$V$55)-2)),Data_new!$C$2:$C$2639,60,Data_new!$Q$2:$Q$2639,TRUE) | AA56: nan | AB56: nan | AC56: =_xlfn.MINIFS(Data_new!$I$2:$I$2639,Data_new!$A$2:$A$2639,3.4,Data_new!$B$2:$B$2639,VALUE(MID($V$55,2,FIND(",",$V$55)-2)),Data_new!$C$2:$C$2639,60,Data_new!$Q$2:$Q$2639,TRUE) | AD56: =_xlfn.MAXIFS(Data_new!$I$2:$I$2639,Data_new!$A$2:$A$2639,3.4,Data_new!$B$2:$B$2639,VALUE(MID($V$55,2,FIND(",",$V$55)-2)),Data_new!$C$2:$C$2639,60,Data_new!$Q$2:$Q$2639,TRUE)
B58: %10, 3.4V, %100 | D58: on_ms | E58: =_xlfn.MINIFS(Data_new!$D$2:$D$2639,Data_new!$A$2:$A$2639,3.4,Data_new!$B$2:$B$2639,VALUE(MID($B$58,2,FIND(",",$B$58)-2)),Data_new!$C$2:$C$2639,100,Data_new!$P$2:$P$2639,TRUE) | F58: =_xlfn.MAXIFS(Data_new!$D$2:$D$2639,Data_new!$A$2:$A$2639,3.4,Data_new!$B$2:$B$2639,VALUE(MID($B$58,2,FIND(",",$B$58)-2)),Data_new!$C$2:$C$2639,100,Data_new!$P$2:$P$2639,TRUE) | G58: =_xlfn.MINIFS(Data_new!$H$2:$H$2639,Data_new!$A$2:$A$2639,3.4,Data_new!$B$2:$B$2639,VALUE(MID($B$58,2,FIND(",",$B$58)-2)),Data_new!$C$2:$C$2639,100,Data_new!$P$2:$P$2639,TRUE) | H58: =_xlfn.MAXIFS(Data_new!$H$2:$H$2639,Data_new!$A$2:$A$2639,3.4,Data_new!$B$2:$B$2639,VALUE(MID($B$58,2,FIND(",",$B$58)-2)),Data_new!$C$2:$C$2639,100,Data_new!$P$2:$P$2639,TRUE) | I58: nan | J58: nan | L58: %10, 3.4V, %80 | N58: on_ms | O58: =_xlfn.MINIFS(Data_new!$D$2:$D$2639,Data_new!$A$2:$A$2639,3.4,Data_new!$B$2:$B$2639,VALUE(MID($L$58,2,FIND(",",$L$58)-2)),Data_new!$C$2:$C$2639,80,Data_new!$P$2:$P$2639,TRUE) | P58: =_xlfn.MAXIFS(Data_new!$D$2:$D$2639,Data_new!$A$2:$A$2639,3.4,Data_new!$B$2:$B$2639,VALUE(MID($L$58,2,FIND(",",$L$58)-2)),Data_new!$C$2:$C$2639,80,Data_new!$P$2:$P$2639,TRUE) | Q58: =_xlfn.MINIFS(Data_new!$H$2:$H$2639,Data_new!$A$2:$A$2639,3.4,Data_new!$B$2:$B$2639,VALUE(MID($L$58,2,FIND(",",$L$58)-2)),Data_new!$C$2:$C$2639,80,Data_new!$P$2:$P$2639,TRUE) | R58: =_xlfn.MAXIFS(Data_new!$H$2:$H$2639,Data_new!$A$2:$A$2639,3.4,Data_new!$B$2:$B$2639,VALUE(MID($L$58,2,FIND(",",$L$58)-2)),Data_new!$C$2:$C$2639,80,Data_new!$P$2:$P$2639,TRUE) | S58: nan | T58: nan | V58: %10, 3.4V, %60 | X58: on_ms | Y58: =_xlfn.MINIFS(Data_new!$D$2:$D$2639,Data_new!$A$2:$A$2639,3.4,Data_new!$B$2:$B$2639,VALUE(MID($V$58,2,FIND(",",$V$58)-2)),Data_new!$C$2:$C$2639,60,Data_new!$P$2:$P$2639,TRUE) | Z58: =_xlfn.MAXIFS(Data_new!$D$2:$D$2639,Data_new!$A$2:$A$2639,3.4,Data_new!$B$2:$B$2639,VALUE(MID($V$58,2,FIND(",",$V$58)-2)),Data_new!$C$2:$C$2639,60,Data_new!$P$2:$P$2639,TRUE) | AA58: =_xlfn.MINIFS(Data_new!$H$2:$H$2639,Data_new!$A$2:$A$2639,3.4,Data_new!$B$2:$B$2639,VALUE(MID($V$58,2,FIND(",",$V$58)-2)),Data_new!$C$2:$C$2639,60,Data_new!$P$2:$P$2639,TRUE) | AB58: =_xlfn.MAXIFS(Data_new!$H$2:$H$2639,Data_new!$A$2:$A$2639,3.4,Data_new!$B$2:$B$2639,VALUE(MID($V$58,2,FIND(",",$V$58)-2)),Data_new!$C$2:$C$2639,60,Data_new!$P$2:$P$2639,TRUE) | AC58: nan | AD58: nan
D59: real_on_ms | E59: =_xlfn.MINIFS(Data_new!$D$2:$D$2639,Data_new!$A$2:$A$2639,3.4,Data_new!$B$2:$B$2639,VALUE(MID($B$58,2,FIND(",",$B$58)-2)),Data_new!$C$2:$C$2639,100,Data_new!$Q$2:$Q$2639,TRUE) | F59: =_xlfn.MAXIFS(Data_new!$D$2:$D$2639,Data_new!$A$2:$A$2639,3.4,Data_new!$B$2:$B$2639,VALUE(MID($B$58,2,FIND(",",$B$58)-2)),Data_new!$C$2:$C$2639,100,Data_new!$Q$2:$Q$2639,TRUE) | G59: nan | H59: nan | I59: =_xlfn.MINIFS(Data_new!$I$2:$I$2639,Data_new!$A$2:$A$2639,3.4,Data_new!$B$2:$B$2639,VALUE(MID($B$58,2,FIND(",",$B$58)-2)),Data_new!$C$2:$C$2639,100,Data_new!$Q$2:$Q$2639,TRUE) | J59: =_xlfn.MAXIFS(Data_new!$I$2:$I$2639,Data_new!$A$2:$A$2639,3.4,Data_new!$B$2:$B$2639,VALUE(MID($B$58,2,FIND(",",$B$58)-2)),Data_new!$C$2:$C$2639,100,Data_new!$Q$2:$Q$2639,TRUE) | N59: real_on_ms | O59: =_xlfn.MINIFS(Data_new!$D$2:$D$2639,Data_new!$A$2:$A$2639,3.4,Data_new!$B$2:$B$2639,VALUE(MID($L$58,2,FIND(",",$L$58)-2)),Data_new!$C$2:$C$2639,80,Data_new!$Q$2:$Q$2639,TRUE) | P59: =_xlfn.MAXIFS(Data_new!$D$2:$D$2639,Data_new!$A$2:$A$2639,3.4,Data_new!$B$2:$B$2639,VALUE(MID($L$58,2,FIND(",",$L$58)-2)),Data_new!$C$2:$C$2639,80,Data_new!$Q$2:$Q$2639,TRUE) | Q59: nan | R59: nan | S59: =_xlfn.MINIFS(Data_new!$I$2:$I$2639,Data_new!$A$2:$A$2639,3.4,Data_new!$B$2:$B$2639,VALUE(MID($L$58,2,FIND(",",$L$58)-2)),Data_new!$C$2:$C$2639,80,Data_new!$Q$2:$Q$2639,TRUE) | T59: =_xlfn.MAXIFS(Data_new!$I$2:$I$2639,Data_new!$A$2:$A$2639,3.4,Data_new!$B$2:$B$2639,VALUE(MID($L$58,2,FIND(",",$L$58)-2)),Data_new!$C$2:$C$2639,80,Data_new!$Q$2:$Q$2639,TRUE) | X59: real_on_ms | Y59: =_xlfn.MINIFS(Data_new!$D$2:$D$2639,Data_new!$A$2:$A$2639,3.4,Data_new!$B$2:$B$2639,VALUE(MID($V$58,2,FIND(",",$V$58)-2)),Data_new!$C$2:$C$2639,60,Data_new!$Q$2:$Q$2639,TRUE) | Z59: =_xlfn.MAXIFS(Data_new!$D$2:$D$2639,Data_new!$A$2:$A$2639,3.4,Data_new!$B$2:$B$2639,VALUE(MID($V$58,2,FIND(",",$V$58)-2)),Data_new!$C$2:$C$2639,60,Data_new!$Q$2:$Q$2639,TRUE) | AA59: nan | AB59: nan | AC59: =_xlfn.MINIFS(Data_new!$I$2:$I$2639,Data_new!$A$2:$A$2639,3.4,Data_new!$B$2:$B$2639,VALUE(MID($V$58,2,FIND(",",$V$58)-2)),Data_new!$C$2:$C$2639,60,Data_new!$Q$2:$Q$2639,TRUE) | AD59: =_xlfn.MAXIFS(Data_new!$I$2:$I$2639,Data_new!$A$2:$A$2639,3.4,Data_new!$B$2:$B$2639,VALUE(MID($V$58,2,FIND(",",$V$58)-2)),Data_new!$C$2:$C$2639,60,Data_new!$Q$2:$Q$2639,TRUE)
B61: %15, 3.4V, %100 | D61: on_ms | E61: =_xlfn.MINIFS(Data_new!$D$2:$D$2639,Data_new!$A$2:$A$2639,3.4,Data_new!$B$2:$B$2639,VALUE(MID($B$61,2,FIND(",",$B$61)-2)),Data_new!$C$2:$C$2639,100,Data_new!$P$2:$P$2639,TRUE) | F61: =_xlfn.MAXIFS(Data_new!$D$2:$D$2639,Data_new!$A$2:$A$2639,3.4,Data_new!$B$2:$B$2639,VALUE(MID($B$61,2,FIND(",",$B$61)-2)),Data_new!$C$2:$C$2639,100,Data_new!$P$2:$P$2639,TRUE) | G61: =_xlfn.MINIFS(Data_new!$H$2:$H$2639,Data_new!$A$2:$A$2639,3.4,Data_new!$B$2:$B$2639,VALUE(MID($B$61,2,FIND(",",$B$61)-2)),Data_new!$C$2:$C$2639,100,Data_new!$P$2:$P$2639,TRUE) | H61: =_xlfn.MAXIFS(Data_new!$H$2:$H$2639,Data_new!$A$2:$A$2639,3.4,Data_new!$B$2:$B$2639,VALUE(MID($B$61,2,FIND(",",$B$61)-2)),Data_new!$C$2:$C$2639,100,Data_new!$P$2:$P$2639,TRUE) | I61: nan | J61: nan | L61: %15, 3.4V, %80 | N61: on_ms | O61: =_xlfn.MINIFS(Data_new!$D$2:$D$2639,Data_new!$A$2:$A$2639,3.4,Data_new!$B$2:$B$2639,VALUE(MID($L$61,2,FIND(",",$L$61)-2)),Data_new!$C$2:$C$2639,80,Data_new!$P$2:$P$2639,TRUE) | P61: =_xlfn.MAXIFS(Data_new!$D$2:$D$2639,Data_new!$A$2:$A$2639,3.4,Data_new!$B$2:$B$2639,VALUE(MID($L$61,2,FIND(",",$L$61)-2)),Data_new!$C$2:$C$2639,80,Data_new!$P$2:$P$2639,TRUE) | Q61: =_xlfn.MINIFS(Data_new!$H$2:$H$2639,Data_new!$A$2:$A$2639,3.4,Data_new!$B$2:$B$2639,VALUE(MID($L$61,2,FIND(",",$L$61)-2)),Data_new!$C$2:$C$2639,80,Data_new!$P$2:$P$2639,TRUE) | R61: =_xlfn.MAXIFS(Data_new!$H$2:$H$2639,Data_new!$A$2:$A$2639,3.4,Data_new!$B$2:$B$2639,VALUE(MID($L$61,2,FIND(",",$L$61)-2)),Data_new!$C$2:$C$2639,80,Data_new!$P$2:$P$2639,TRUE) | S61: nan | T61: nan | V61: %15, 3.4V, %60 | X61: on_ms | Y61: =_xlfn.MINIFS(Data_new!$D$2:$D$2639,Data_new!$A$2:$A$2639,3.4,Data_new!$B$2:$B$2639,VALUE(MID($V$61,2,FIND(",",$V$61)-2)),Data_new!$C$2:$C$2639,60,Data_new!$P$2:$P$2639,TRUE) | Z61: =_xlfn.MAXIFS(Data_new!$D$2:$D$2639,Data_new!$A$2:$A$2639,3.4,Data_new!$B$2:$B$2639,VALUE(MID($V$61,2,FIND(",",$V$61)-2)),Data_new!$C$2:$C$2639,60,Data_new!$P$2:$P$2639,TRUE) | AA61: =_xlfn.MINIFS(Data_new!$H$2:$H$2639,Data_new!$A$2:$A$2639,3.4,Data_new!$B$2:$B$2639,VALUE(MID($V$61,2,FIND(",",$V$61)-2)),Data_new!$C$2:$C$2639,60,Data_new!$P$2:$P$2639,TRUE) | AB61: =_xlfn.MAXIFS(Data_new!$H$2:$H$2639,Data_new!$A$2:$A$2639,3.4,Data_new!$B$2:$B$2639,VALUE(MID($V$61,2,FIND(",",$V$61)-2)),Data_new!$C$2:$C$2639,60,Data_new!$P$2:$P$2639,TRUE) | AC61: nan | AD61: nan
D62: real_on_ms | E62: =_xlfn.MINIFS(Data_new!$D$2:$D$2639,Data_new!$A$2:$A$2639,3.4,Data_new!$B$2:$B$2639,VALUE(MID($B$61,2,FIND(",",$B$61)-2)),Data_new!$C$2:$C$2639,100,Data_new!$Q$2:$Q$2639,TRUE) | F62: =_xlfn.MAXIFS(Data_new!$D$2:$D$2639,Data_new!$A$2:$A$2639,3.4,Data_new!$B$2:$B$2639,VALUE(MID($B$61,2,FIND(",",$B$61)-2)),Data_new!$C$2:$C$2639,100,Data_new!$Q$2:$Q$2639,TRUE) | G62: nan | H62: nan | I62: =_xlfn.MINIFS(Data_new!$I$2:$I$2639,Data_new!$A$2:$A$2639,3.4,Data_new!$B$2:$B$2639,VALUE(MID($B$61,2,FIND(",",$B$61)-2)),Data_new!$C$2:$C$2639,100,Data_new!$Q$2:$Q$2639,TRUE) | J62: =_xlfn.MAXIFS(Data_new!$I$2:$I$2639,Data_new!$A$2:$A$2639,3.4,Data_new!$B$2:$B$2639,VALUE(MID($B$61,2,FIND(",",$B$61)-2)),Data_new!$C$2:$C$2639,100,Data_new!$Q$2:$Q$2639,TRUE) | N62: real_on_ms | O62: =_xlfn.MINIFS(Data_new!$D$2:$D$2639,Data_new!$A$2:$A$2639,3.4,Data_new!$B$2:$B$2639,VALUE(MID($L$61,2,FIND(",",$L$61)-2)),Data_new!$C$2:$C$2639,80,Data_new!$Q$2:$Q$2639,TRUE) | P62: =_xlfn.MAXIFS(Data_new!$D$2:$D$2639,Data_new!$A$2:$A$2639,3.4,Data_new!$B$2:$B$2639,VALUE(MID($L$61,2,FIND(",",$L$61)-2)),Data_new!$C$2:$C$2639,80,Data_new!$Q$2:$Q$2639,TRUE) | Q62: nan | R62: nan | S62: =_xlfn.MINIFS(Data_new!$I$2:$I$2639,Data_new!$A$2:$A$2639,3.4,Data_new!$B$2:$B$2639,VALUE(MID($L$61,2,FIND(",",$L$61)-2)),Data_new!$C$2:$C$2639,80,Data_new!$Q$2:$Q$2639,TRUE) | T62: =_xlfn.MAXIFS(Data_new!$I$2:$I$2639,Data_new!$A$2:$A$2639,3.4,Data_new!$B$2:$B$2639,VALUE(MID($L$61,2,FIND(",",$L$61)-2)),Data_new!$C$2:$C$2639,80,Data_new!$Q$2:$Q$2639,TRUE) | X62: real_on_ms | Y62: =_xlfn.MINIFS(Data_new!$D$2:$D$2639,Data_new!$A$2:$A$2639,3.4,Data_new!$B$2:$B$2639,VALUE(MID($V$61,2,FIND(",",$V$61)-2)),Data_new!$C$2:$C$2639,60,Data_new!$Q$2:$Q$2639,TRUE) | Z62: =_xlfn.MAXIFS(Data_new!$D$2:$D$2639,Data_new!$A$2:$A$2639,3.4,Data_new!$B$2:$B$2639,VALUE(MID($V$61,2,FIND(",",$V$61)-2)),Data_new!$C$2:$C$2639,60,Data_new!$Q$2:$Q$2639,TRUE) | AA62: nan | AB62: nan | AC62: =_xlfn.MINIFS(Data_new!$I$2:$I$2639,Data_new!$A$2:$A$2639,3.4,Data_new!$B$2:$B$2639,VALUE(MID($V$61,2,FIND(",",$V$61)-2)),Data_new!$C$2:$C$2639,60,Data_new!$Q$2:$Q$2639,TRUE) | AD62: =_xlfn.MAXIFS(Data_new!$I$2:$I$2639,Data_new!$A$2:$A$2639,3.4,Data_new!$B$2:$B$2639,VALUE(MID($V$61,2,FIND(",",$V$61)-2)),Data_new!$C$2:$C$2639,60,Data_new!$Q$2:$Q$2639,TRUE)
B64: %100, 3.4V, %100 | D64: on_ms | E64: =_xlfn.MINIFS(Data_new!$D$2:$D$2639,Data_new!$A$2:$A$2639,3.4,Data_new!$B$2:$B$2639,VALUE(MID($B$64,2,FIND(",",$B$64)-2)),Data_new!$C$2:$C$2639,100,Data_new!$P$2:$P$2639,TRUE) | F64: =_xlfn.MAXIFS(Data_new!$D$2:$D$2639,Data_new!$A$2:$A$2639,3.4,Data_new!$B$2:$B$2639,VALUE(MID($B$64,2,FIND(",",$B$64)-2)),Data_new!$C$2:$C$2639,100,Data_new!$P$2:$P$2639,TRUE) | G64: =_xlfn.MINIFS(Data_new!$H$2:$H$2639,Data_new!$A$2:$A$2639,3.4,Data_new!$B$2:$B$2639,VALUE(MID($B$64,2,FIND(",",$B$64)-2)),Data_new!$C$2:$C$2639,100,Data_new!$P$2:$P$2639,TRUE) | H64: =_xlfn.MAXIFS(Data_new!$H$2:$H$2639,Data_new!$A$2:$A$2639,3.4,Data_new!$B$2:$B$2639,VALUE(MID($B$64,2,FIND(",",$B$64)-2)),Data_new!$C$2:$C$2639,100,Data_new!$P$2:$P$2639,TRUE) | I64: nan | J64: nan | L64: %100, 3.4V, %80 | N64: on_ms | O64: =_xlfn.MINIFS(Data_new!$D$2:$D$2639,Data_new!$A$2:$A$2639,3.4,Data_new!$B$2:$B$2639,VALUE(MID($L$64,2,FIND(",",$L$64)-2)),Data_new!$C$2:$C$2639,80,Data_new!$P$2:$P$2639,TRUE) | P64: =_xlfn.MAXIFS(Data_new!$D$2:$D$2639,Data_new!$A$2:$A$2639,3.4,Data_new!$B$2:$B$2639,VALUE(MID($L$64,2,FIND(",",$L$64)-2)),Data_new!$C$2:$C$2639,80,Data_new!$P$2:$P$2639,TRUE) | Q64: =_xlfn.MINIFS(Data_new!$H$2:$H$2639,Data_new!$A$2:$A$2639,3.4,Data_new!$B$2:$B$2639,VALUE(MID($L$64,2,FIND(",",$L$64)-2)),Data_new!$C$2:$C$2639,80,Data_new!$P$2:$P$2639,TRUE) | R64: =_xlfn.MAXIFS(Data_new!$H$2:$H$2639,Data_new!$A$2:$A$2639,3.4,Data_new!$B$2:$B$2639,VALUE(MID($L$64,2,FIND(",",$L$64)-2)),Data_new!$C$2:$C$2639,80,Data_new!$P$2:$P$2639,TRUE) | S64: nan | T64: nan | V64: %100, 3.4V, %60 | X64: on_ms | Y64: =_xlfn.MINIFS(Data_new!$D$2:$D$2639,Data_new!$A$2:$A$2639,3.4,Data_new!$B$2:$B$2639,VALUE(MID($V$64,2,FIND(",",$V$64)-2)),Data_new!$C$2:$C$2639,60,Data_new!$P$2:$P$2639,TRUE) | Z64: =_xlfn.MAXIFS(Data_new!$D$2:$D$2639,Data_new!$A$2:$A$2639,3.4,Data_new!$B$2:$B$2639,VALUE(MID($V$64,2,FIND(",",$V$64)-2)),Data_new!$C$2:$C$2639,60,Data_new!$P$2:$P$2639,TRUE) | AA64: =_xlfn.MINIFS(Data_new!$H$2:$H$2639,Data_new!$A$2:$A$2639,3.4,Data_new!$B$2:$B$2639,VALUE(MID($V$64,2,FIND(",",$V$64)-2)),Data_new!$C$2:$C$2639,60,Data_new!$P$2:$P$2639,TRUE) | AB64: =_xlfn.MAXIFS(Data_new!$H$2:$H$2639,Data_new!$A$2:$A$2639,3.4,Data_new!$B$2:$B$2639,VALUE(MID($V$64,2,FIND(",",$V$64)-2)),Data_new!$C$2:$C$2639,60,Data_new!$P$2:$P$2639,TRUE) | AC64: nan | AD64: nan
D65: real_on_ms | E65: =_xlfn.MINIFS(Data_new!$D$2:$D$2639,Data_new!$A$2:$A$2639,3.4,Data_new!$B$2:$B$2639,VALUE(MID($B$64,2,FIND(",",$B$64)-2)),Data_new!$C$2:$C$2639,100,Data_new!$Q$2:$Q$2639,TRUE) | F65: =_xlfn.MAXIFS(Data_new!$D$2:$D$2639,Data_new!$A$2:$A$2639,3.4,Data_new!$B$2:$B$2639,VALUE(MID($B$64,2,FIND(",",$B$64)-2)),Data_new!$C$2:$C$2639,100,Data_new!$Q$2:$Q$2639,TRUE) | G65: nan | H65: nan | I65: =_xlfn.MINIFS(Data_new!$I$2:$I$2639,Data_new!$A$2:$A$2639,3.4,Data_new!$B$2:$B$2639,VALUE(MID($B$64,2,FIND(",",$B$64)-2)),Data_new!$C$2:$C$2639,100,Data_new!$Q$2:$Q$2639,TRUE) | J65: =_xlfn.MAXIFS(Data_new!$I$2:$I$2639,Data_new!$A$2:$A$2639,3.4,Data_new!$B$2:$B$2639,VALUE(MID($B$64,2,FIND(",",$B$64)-2)),Data_new!$C$2:$C$2639,100,Data_new!$Q$2:$Q$2639,TRUE) | N65: real_on_ms | O65: =_xlfn.MINIFS(Data_new!$D$2:$D$2639,Data_new!$A$2:$A$2639,3.4,Data_new!$B$2:$B$2639,VALUE(MID($L$64,2,FIND(",",$L$64)-2)),Data_new!$C$2:$C$2639,80,Data_new!$Q$2:$Q$2639,TRUE) | P65: =_xlfn.MAXIFS(Data_new!$D$2:$D$2639,Data_new!$A$2:$A$2639,3.4,Data_new!$B$2:$B$2639,VALUE(MID($L$64,2,FIND(",",$L$64)-2)),Data_new!$C$2:$C$2639,80,Data_new!$Q$2:$Q$2639,TRUE) | Q65: nan | R65: nan | S65: =_xlfn.MINIFS(Data_new!$I$2:$I$2639,Data_new!$A$2:$A$2639,3.4,Data_new!$B$2:$B$2639,VALUE(MID($L$64,2,FIND(",",$L$64)-2)),Data_new!$C$2:$C$2639,80,Data_new!$Q$2:$Q$2639,TRUE) | T65: =_xlfn.MAXIFS(Data_new!$I$2:$I$2639,Data_new!$A$2:$A$2639,3.4,Data_new!$B$2:$B$2639,VALUE(MID($L$64,2,FIND(",",$L$64)-2)),Data_new!$C$2:$C$2639,80,Data_new!$Q$2:$Q$2639,TRUE) | X65: real_on_ms | Y65: =_xlfn.MINIFS(Data_new!$D$2:$D$2639,Data_new!$A$2:$A$2639,3.4,Data_new!$B$2:$B$2639,VALUE(MID($V$64,2,FIND(",",$V$64)-2)),Data_new!$C$2:$C$2639,60,Data_new!$Q$2:$Q$2639,TRUE) | Z65: =_xlfn.MAXIFS(Data_new!$D$2:$D$2639,Data_new!$A$2:$A$2639,3.4,Data_new!$B$2:$B$2639,VALUE(MID($V$64,2,FIND(",",$V$64)-2)),Data_new!$C$2:$C$2639,60,Data_new!$Q$2:$Q$2639,TRUE) | AA65: nan | AB65: nan | AC65: =_xlfn.MINIFS(Data_new!$I$2:$I$2639,Data_new!$A$2:$A$2639,3.4,Data_new!$B$2:$B$2639,VALUE(MID($V$64,2,FIND(",",$V$64)-2)),Data_new!$C$2:$C$2639,60,Data_new!$Q$2:$Q$2639,TRUE) | AD65: =_xlfn.MAXIFS(Data_new!$I$2:$I$2639,Data_new!$A$2:$A$2639,3.4,Data_new!$B$2:$B$2639,VALUE(MID($V$64,2,FIND(",",$V$64)-2)),Data_new!$C$2:$C$2639,60,Data_new!$Q$2:$Q$2639,TRUE)
E71: min_kick_ms | F71: max_kick_ms | G71: min_on_ms | H71: max_on_ms | I71: min_real_on_ms | J71: max_real_on_ms | O71: min_kick_ms | P71: max_kick_ms | Q71: min_on_ms | R71: max_on_ms | S71: min_real_on_ms | T71: max_real_on_ms | Y71: min_kick_ms | Z71: max_kick_ms | AA71: min_on_ms | AB71: max_on_ms | AC71: min_real_on_ms | AD71: max_real_on_ms
B72: %6, 3.2V, %100 | D72: on_ms | E72: =_xlfn.MINIFS(Data_new!$D$2:$D$2639,Data_new!$A$2:$A$2639,3.2,Data_new!$B$2:$B$2639,VALUE(MID($B$72,2,FIND(",",$B$72)-2)),Data_new!$C$2:$C$2639,100,Data_new!$P$2:$P$2639,TRUE) | F72: =_xlfn.MAXIFS(Data_new!$D$2:$D$2639,Data_new!$A$2:$A$2639,3.2,Data_new!$B$2:$B$2639,VALUE(MID($B$72,2,FIND(",",$B$72)-2)),Data_new!$C$2:$C$2639,100,Data_new!$P$2:$P$2639,TRUE) | G72: =_xlfn.MINIFS(Data_new!$H$2:$H$2639,Data_new!$A$2:$A$2639,3.2,Data_new!$B$2:$B$2639,VALUE(MID($B$72,2,FIND(",",$B$72)-2)),Data_new!$C$2:$C$2639,100,Data_new!$P$2:$P$2639,TRUE) | H72: =_xlfn.MAXIFS(Data_new!$H$2:$H$2639,Data_new!$A$2:$A$2639,3.2,Data_new!$B$2:$B$2639,VALUE(MID($B$72,2,FIND(",",$B$72)-2)),Data_new!$C$2:$C$2639,100,Data_new!$P$2:$P$2639,TRUE) | I72: nan | J72: nan | L72: %6, 3.2V, %80 | N72: on_ms | O72: =_xlfn.MINIFS(Data_new!$D$2:$D$2639,Data_new!$A$2:$A$2639,3.2,Data_new!$B$2:$B$2639,VALUE(MID($L$72,2,FIND(",",$L$72)-2)),Data_new!$C$2:$C$2639,80,Data_new!$P$2:$P$2639,TRUE) | P72: =_xlfn.MAXIFS(Data_new!$D$2:$D$2639,Data_new!$A$2:$A$2639,3.2,Data_new!$B$2:$B$2639,VALUE(MID($L$72,2,FIND(",",$L$72)-2)),Data_new!$C$2:$C$2639,80,Data_new!$P$2:$P$2639,TRUE) | Q72: =_xlfn.MINIFS(Data_new!$H$2:$H$2639,Data_new!$A$2:$A$2639,3.2,Data_new!$B$2:$B$2639,VALUE(MID($L$72,2,FIND(",",$L$72)-2)),Data_new!$C$2:$C$2639,80,Data_new!$P$2:$P$2639,TRUE) | R72: =_xlfn.MAXIFS(Data_new!$H$2:$H$2639,Data_new!$A$2:$A$2639,3.2,Data_new!$B$2:$B$2639,VALUE(MID($L$72,2,FIND(",",$L$72)-2)),Data_new!$C$2:$C$2639,80,Data_new!$P$2:$P$2639,TRUE) | S72: nan | T72: nan | V72: %6, 3.2V, %60 | X72: on_ms | Y72: =_xlfn.MINIFS(Data_new!$D$2:$D$2639,Data_new!$A$2:$A$2639,3.2,Data_new!$B$2:$B$2639,VALUE(MID($V$72,2,FIND(",",$V$72)-2)),Data_new!$C$2:$C$2639,60,Data_new!$P$2:$P$2639,TRUE) | Z72: =_xlfn.MAXIFS(Data_new!$D$2:$D$2639,Data_new!$A$2:$A$2639,3.2,Data_new!$B$2:$B$2639,VALUE(MID($V$72,2,FIND(",",$V$72)-2)),Data_new!$C$2:$C$2639,60,Data_new!$P$2:$P$2639,TRUE) | AA72: =_xlfn.MINIFS(Data_new!$H$2:$H$2639,Data_new!$A$2:$A$2639,3.2,Data_new!$B$2:$B$2639,VALUE(MID($V$72,2,FIND(",",$V$72)-2)),Data_new!$C$2:$C$2639,60,Data_new!$P$2:$P$2639,TRUE) | AB72: =_xlfn.MAXIFS(Data_new!$H$2:$H$2639,Data_new!$A$2:$A$2639,3.2,Data_new!$B$2:$B$2639,VALUE(MID($V$72,2,FIND(",",$V$72)-2)),Data_new!$C$2:$C$2639,60,Data_new!$P$2:$P$2639,TRUE) | AC72: nan | AD72: nan
D73: real_on_ms | E73: =_xlfn.MINIFS(Data_new!$D$2:$D$2639,Data_new!$A$2:$A$2639,3.2,Data_new!$B$2:$B$2639,VALUE(MID($B$72,2,FIND(",",$B$72)-2)),Data_new!$C$2:$C$2639,100,Data_new!$Q$2:$Q$2639,TRUE) | F73: =_xlfn.MAXIFS(Data_new!$D$2:$D$2639,Data_new!$A$2:$A$2639,3.2,Data_new!$B$2:$B$2639,VALUE(MID($B$72,2,FIND(",",$B$72)-2)),Data_new!$C$2:$C$2639,100,Data_new!$Q$2:$Q$2639,TRUE) | G73: nan | H73: nan | I73: =_xlfn.MINIFS(Data_new!$I$2:$I$2639,Data_new!$A$2:$A$2639,3.2,Data_new!$B$2:$B$2639,VALUE(MID($B$72,2,FIND(",",$B$72)-2)),Data_new!$C$2:$C$2639,100,Data_new!$Q$2:$Q$2639,TRUE) | J73: =_xlfn.MAXIFS(Data_new!$I$2:$I$2639,Data_new!$A$2:$A$2639,3.2,Data_new!$B$2:$B$2639,VALUE(MID($B$72,2,FIND(",",$B$72)-2)),Data_new!$C$2:$C$2639,100,Data_new!$Q$2:$Q$2639,TRUE) | N73: real_on_ms | O73: =_xlfn.MINIFS(Data_new!$D$2:$D$2639,Data_new!$A$2:$A$2639,3.2,Data_new!$B$2:$B$2639,VALUE(MID($L$72,2,FIND(",",$L$72)-2)),Data_new!$C$2:$C$2639,80,Data_new!$Q$2:$Q$2639,TRUE) | P73: =_xlfn.MAXIFS(Data_new!$D$2:$D$2639,Data_new!$A$2:$A$2639,3.2,Data_new!$B$2:$B$2639,VALUE(MID($L$72,2,FIND(",",$L$72)-2)),Data_new!$C$2:$C$2639,80,Data_new!$Q$2:$Q$2639,TRUE) | Q73: nan | R73: nan | S73: =_xlfn.MINIFS(Data_new!$I$2:$I$2639,Data_new!$A$2:$A$2639,3.2,Data_new!$B$2:$B$2639,VALUE(MID($L$72,2,FIND(",",$L$72)-2)),Data_new!$C$2:$C$2639,80,Data_new!$Q$2:$Q$2639,TRUE) | T73: =_xlfn.MAXIFS(Data_new!$I$2:$I$2639,Data_new!$A$2:$A$2639,3.2,Data_new!$B$2:$B$2639,VALUE(MID($L$72,2,FIND(",",$L$72)-2)),Data_new!$C$2:$C$2639,80,Data_new!$Q$2:$Q$2639,TRUE) | X73: real_on_ms | Y73: =_xlfn.MINIFS(Data_new!$D$2:$D$2639,Data_new!$A$2:$A$2639,3.2,Data_new!$B$2:$B$2639,VALUE(MID($V$72,2,FIND(",",$V$72)-2)),Data_new!$C$2:$C$2639,60,Data_new!$Q$2:$Q$2639,TRUE) | Z73: =_xlfn.MAXIFS(Data_new!$D$2:$D$2639,Data_new!$A$2:$A$2639,3.2,Data_new!$B$2:$B$2639,VALUE(MID($V$72,2,FIND(",",$V$72)-2)),Data_new!$C$2:$C$2639,60,Data_new!$Q$2:$Q$2639,TRUE) | AA73: nan | AB73: nan | AC73: =_xlfn.MINIFS(Data_new!$I$2:$I$2639,Data_new!$A$2:$A$2639,3.2,Data_new!$B$2:$B$2639,VALUE(MID($V$72,2,FIND(",",$V$72)-2)),Data_new!$C$2:$C$2639,60,Data_new!$Q$2:$Q$2639,TRUE) | AD73: =_xlfn.MAXIFS(Data_new!$I$2:$I$2639,Data_new!$A$2:$A$2639,3.2,Data_new!$B$2:$B$2639,VALUE(MID($V$72,2,FIND(",",$V$72)-2)),Data_new!$C$2:$C$2639,60,Data_new!$Q$2:$Q$2639,TRUE)
B75: %7, 3.2V, %100 | D75: on_ms | E75: =_xlfn.MINIFS(Data_new!$D$2:$D$2639,Data_new!$A$2:$A$2639,3.2,Data_new!$B$2:$B$2639,VALUE(MID($B$75,2,FIND(",",$B$75)-2)),Data_new!$C$2:$C$2639,100,Data_new!$P$2:$P$2639,TRUE) | F75: =_xlfn.MAXIFS(Data_new!$D$2:$D$2639,Data_new!$A$2:$A$2639,3.2,Data_new!$B$2:$B$2639,VALUE(MID($B$75,2,FIND(",",$B$75)-2)),Data_new!$C$2:$C$2639,100,Data_new!$P$2:$P$2639,TRUE) | G75: =_xlfn.MINIFS(Data_new!$H$2:$H$2639,Data_new!$A$2:$A$2639,3.2,Data_new!$B$2:$B$2639,VALUE(MID($B$75,2,FIND(",",$B$75)-2)),Data_new!$C$2:$C$2639,100,Data_new!$P$2:$P$2639,TRUE) | H75: =_xlfn.MAXIFS(Data_new!$H$2:$H$2639,Data_new!$A$2:$A$2639,3.2,Data_new!$B$2:$B$2639,VALUE(MID($B$75,2,FIND(",",$B$75)-2)),Data_new!$C$2:$C$2639,100,Data_new!$P$2:$P$2639,TRUE) | I75: nan | J75: nan | L75: %7, 3.2V, %80 | N75: on_ms | O75: =_xlfn.MINIFS(Data_new!$D$2:$D$2639,Data_new!$A$2:$A$2639,3.2,Data_new!$B$2:$B$2639,VALUE(MID($L$75,2,FIND(",",$L$75)-2)),Data_new!$C$2:$C$2639,80,Data_new!$P$2:$P$2639,TRUE) | P75: =_xlfn.MAXIFS(Data_new!$D$2:$D$2639,Data_new!$A$2:$A$2639,3.2,Data_new!$B$2:$B$2639,VALUE(MID($L$75,2,FIND(",",$L$75)-2)),Data_new!$C$2:$C$2639,80,Data_new!$P$2:$P$2639,TRUE) | Q75: =_xlfn.MINIFS(Data_new!$H$2:$H$2639,Data_new!$A$2:$A$2639,3.2,Data_new!$B$2:$B$2639,VALUE(MID($L$75,2,FIND(",",$L$75)-2)),Data_new!$C$2:$C$2639,80,Data_new!$P$2:$P$2639,TRUE) | R75: =_xlfn.MAXIFS(Data_new!$H$2:$H$2639,Data_new!$A$2:$A$2639,3.2,Data_new!$B$2:$B$2639,VALUE(MID($L$75,2,FIND(",",$L$75)-2)),Data_new!$C$2:$C$2639,80,Data_new!$P$2:$P$2639,TRUE) | S75: nan | T75: nan | V75: %7, 3.2V, %60 | X75: on_ms | Y75: =_xlfn.MINIFS(Data_new!$D$2:$D$2639,Data_new!$A$2:$A$2639,3.2,Data_new!$B$2:$B$2639,VALUE(MID($V$75,2,FIND(",",$V$75)-2)),Data_new!$C$2:$C$2639,60,Data_new!$P$2:$P$2639,TRUE) | Z75: =_xlfn.MAXIFS(Data_new!$D$2:$D$2639,Data_new!$A$2:$A$2639,3.2,Data_new!$B$2:$B$2639,VALUE(MID($V$75,2,FIND(",",$V$75)-2)),Data_new!$C$2:$C$2639,60,Data_new!$P$2:$P$2639,TRUE) | AA75: =_xlfn.MINIFS(Data_new!$H$2:$H$2639,Data_new!$A$2:$A$2639,3.2,Data_new!$B$2:$B$2639,VALUE(MID($V$75,2,FIND(",",$V$75)-2)),Data_new!$C$2:$C$2639,60,Data_new!$P$2:$P$2639,TRUE) | AB75: =_xlfn.MAXIFS(Data_new!$H$2:$H$2639,Data_new!$A$2:$A$2639,3.2,Data_new!$B$2:$B$2639,VALUE(MID($V$75,2,FIND(",",$V$75)-2)),Data_new!$C$2:$C$2639,60,Data_new!$P$2:$P$2639,TRUE) | AC75: nan | AD75: nan
D76: real_on_ms | E76: =_xlfn.MINIFS(Data_new!$D$2:$D$2639,Data_new!$A$2:$A$2639,3.2,Data_new!$B$2:$B$2639,VALUE(MID($B$75,2,FIND(",",$B$75)-2)),Data_new!$C$2:$C$2639,100,Data_new!$Q$2:$Q$2639,TRUE) | F76: =_xlfn.MAXIFS(Data_new!$D$2:$D$2639,Data_new!$A$2:$A$2639,3.2,Data_new!$B$2:$B$2639,VALUE(MID($B$75,2,FIND(",",$B$75)-2)),Data_new!$C$2:$C$2639,100,Data_new!$Q$2:$Q$2639,TRUE) | G76: nan | H76: nan | I76: =_xlfn.MINIFS(Data_new!$I$2:$I$2639,Data_new!$A$2:$A$2639,3.2,Data_new!$B$2:$B$2639,VALUE(MID($B$75,2,FIND(",",$B$75)-2)),Data_new!$C$2:$C$2639,100,Data_new!$Q$2:$Q$2639,TRUE) | J76: =_xlfn.MAXIFS(Data_new!$I$2:$I$2639,Data_new!$A$2:$A$2639,3.2,Data_new!$B$2:$B$2639,VALUE(MID($B$75,2,FIND(",",$B$75)-2)),Data_new!$C$2:$C$2639,100,Data_new!$Q$2:$Q$2639,TRUE) | N76: real_on_ms | O76: =_xlfn.MINIFS(Data_new!$D$2:$D$2639,Data_new!$A$2:$A$2639,3.2,Data_new!$B$2:$B$2639,VALUE(MID($L$75,2,FIND(",",$L$75)-2)),Data_new!$C$2:$C$2639,80,Data_new!$Q$2:$Q$2639,TRUE) | P76: =_xlfn.MAXIFS(Data_new!$D$2:$D$2639,Data_new!$A$2:$A$2639,3.2,Data_new!$B$2:$B$2639,VALUE(MID($L$75,2,FIND(",",$L$75)-2)),Data_new!$C$2:$C$2639,80,Data_new!$Q$2:$Q$2639,TRUE) | Q76: nan | R76: nan | S76: =_xlfn.MINIFS(Data_new!$I$2:$I$2639,Data_new!$A$2:$A$2639,3.2,Data_new!$B$2:$B$2639,VALUE(MID($L$75,2,FIND(",",$L$75)-2)),Data_new!$C$2:$C$2639,80,Data_new!$Q$2:$Q$2639,TRUE) | T76: =_xlfn.MAXIFS(Data_new!$I$2:$I$2639,Data_new!$A$2:$A$2639,3.2,Data_new!$B$2:$B$2639,VALUE(MID($L$75,2,FIND(",",$L$75)-2)),Data_new!$C$2:$C$2639,80,Data_new!$Q$2:$Q$2639,TRUE) | X76: real_on_ms | Y76: =_xlfn.MINIFS(Data_new!$D$2:$D$2639,Data_new!$A$2:$A$2639,3.2,Data_new!$B$2:$B$2639,VALUE(MID($V$75,2,FIND(",",$V$75)-2)),Data_new!$C$2:$C$2639,60,Data_new!$Q$2:$Q$2639,TRUE) | Z76: =_xlfn.MAXIFS(Data_new!$D$2:$D$2639,Data_new!$A$2:$A$2639,3.2,Data_new!$B$2:$B$2639,VALUE(MID($V$75,2,FIND(",",$V$75)-2)),Data_new!$C$2:$C$2639,60,Data_new!$Q$2:$Q$2639,TRUE) | AA76: nan | AB76: nan | AC76: =_xlfn.MINIFS(Data_new!$I$2:$I$2639,Data_new!$A$2:$A$2639,3.2,Data_new!$B$2:$B$2639,VALUE(MID($V$75,2,FIND(",",$V$75)-2)),Data_new!$C$2:$C$2639,60,Data_new!$Q$2:$Q$2639,TRUE) | AD76: =_xlfn.MAXIFS(Data_new!$I$2:$I$2639,Data_new!$A$2:$A$2639,3.2,Data_new!$B$2:$B$2639,VALUE(MID($V$75,2,FIND(",",$V$75)-2)),Data_new!$C$2:$C$2639,60,Data_new!$Q$2:$Q$2639,TRUE)
B78: %8, 3.2V, %100 | D78: on_ms | E78: =_xlfn.MINIFS(Data_new!$D$2:$D$2639,Data_new!$A$2:$A$2639,3.2,Data_new!$B$2:$B$2639,VALUE(MID($B$78,2,FIND(",",$B$78)-2)),Data_new!$C$2:$C$2639,100,Data_new!$P$2:$P$2639,TRUE) | F78: =_xlfn.MAXIFS(Data_new!$D$2:$D$2639,Data_new!$A$2:$A$2639,3.2,Data_new!$B$2:$B$2639,VALUE(MID($B$78,2,FIND(",",$B$78)-2)),Data_new!$C$2:$C$2639,100,Data_new!$P$2:$P$2639,TRUE) | G78: =_xlfn.MINIFS(Data_new!$H$2:$H$2639,Data_new!$A$2:$A$2639,3.2,Data_new!$B$2:$B$2639,VALUE(MID($B$78,2,FIND(",",$B$78)-2)),Data_new!$C$2:$C$2639,100,Data_new!$P$2:$P$2639,TRUE) | H78: =_xlfn.MAXIFS(Data_new!$H$2:$H$2639,Data_new!$A$2:$A$2639,3.2,Data_new!$B$2:$B$2639,VALUE(MID($B$78,2,FIND(",",$B$78)-2)),Data_new!$C$2:$C$2639,100,Data_new!$P$2:$P$2639,TRUE) | I78: nan | J78: nan | L78: %8, 3.2V, %80 | N78: on_ms | O78: =_xlfn.MINIFS(Data_new!$D$2:$D$2639,Data_new!$A$2:$A$2639,3.2,Data_new!$B$2:$B$2639,VALUE(MID($L$78,2,FIND(",",$L$78)-2)),Data_new!$C$2:$C$2639,80,Data_new!$P$2:$P$2639,TRUE) | P78: =_xlfn.MAXIFS(Data_new!$D$2:$D$2639,Data_new!$A$2:$A$2639,3.2,Data_new!$B$2:$B$2639,VALUE(MID($L$78,2,FIND(",",$L$78)-2)),Data_new!$C$2:$C$2639,80,Data_new!$P$2:$P$2639,TRUE) | Q78: =_xlfn.MINIFS(Data_new!$H$2:$H$2639,Data_new!$A$2:$A$2639,3.2,Data_new!$B$2:$B$2639,VALUE(MID($L$78,2,FIND(",",$L$78)-2)),Data_new!$C$2:$C$2639,80,Data_new!$P$2:$P$2639,TRUE) | R78: =_xlfn.MAXIFS(Data_new!$H$2:$H$2639,Data_new!$A$2:$A$2639,3.2,Data_new!$B$2:$B$2639,VALUE(MID($L$78,2,FIND(",",$L$78)-2)),Data_new!$C$2:$C$2639,80,Data_new!$P$2:$P$2639,TRUE) | S78: nan | T78: nan | V78: %8, 3.2V, %60 | X78: on_ms | Y78: =_xlfn.MINIFS(Data_new!$D$2:$D$2639,Data_new!$A$2:$A$2639,3.2,Data_new!$B$2:$B$2639,VALUE(MID($V$78,2,FIND(",",$V$78)-2)),Data_new!$C$2:$C$2639,60,Data_new!$P$2:$P$2639,TRUE) | Z78: =_xlfn.MAXIFS(Data_new!$D$2:$D$2639,Data_new!$A$2:$A$2639,3.2,Data_new!$B$2:$B$2639,VALUE(MID($V$78,2,FIND(",",$V$78)-2)),Data_new!$C$2:$C$2639,60,Data_new!$P$2:$P$2639,TRUE) | AA78: =_xlfn.MINIFS(Data_new!$H$2:$H$2639,Data_new!$A$2:$A$2639,3.2,Data_new!$B$2:$B$2639,VALUE(MID($V$78,2,FIND(",",$V$78)-2)),Data_new!$C$2:$C$2639,60,Data_new!$P$2:$P$2639,TRUE) | AB78: =_xlfn.MAXIFS(Data_new!$H$2:$H$2639,Data_new!$A$2:$A$2639,3.2,Data_new!$B$2:$B$2639,VALUE(MID($V$78,2,FIND(",",$V$78)-2)),Data_new!$C$2:$C$2639,60,Data_new!$P$2:$P$2639,TRUE) | AC78: nan | AD78: nan
D79: real_on_ms | E79: =_xlfn.MINIFS(Data_new!$D$2:$D$2639,Data_new!$A$2:$A$2639,3.2,Data_new!$B$2:$B$2639,VALUE(MID($B$78,2,FIND(",",$B$78)-2)),Data_new!$C$2:$C$2639,100,Data_new!$Q$2:$Q$2639,TRUE) | F79: =_xlfn.MAXIFS(Data_new!$D$2:$D$2639,Data_new!$A$2:$A$2639,3.2,Data_new!$B$2:$B$2639,VALUE(MID($B$78,2,FIND(",",$B$78)-2)),Data_new!$C$2:$C$2639,100,Data_new!$Q$2:$Q$2639,TRUE) | G79: nan | H79: nan | I79: =_xlfn.MINIFS(Data_new!$I$2:$I$2639,Data_new!$A$2:$A$2639,3.2,Data_new!$B$2:$B$2639,VALUE(MID($B$78,2,FIND(",",$B$78)-2)),Data_new!$C$2:$C$2639,100,Data_new!$Q$2:$Q$2639,TRUE) | J79: =_xlfn.MAXIFS(Data_new!$I$2:$I$2639,Data_new!$A$2:$A$2639,3.2,Data_new!$B$2:$B$2639,VALUE(MID($B$78,2,FIND(",",$B$78)-2)),Data_new!$C$2:$C$2639,100,Data_new!$Q$2:$Q$2639,TRUE) | N79: real_on_ms | O79: =_xlfn.MINIFS(Data_new!$D$2:$D$2639,Data_new!$A$2:$A$2639,3.2,Data_new!$B$2:$B$2639,VALUE(MID($L$78,2,FIND(",",$L$78)-2)),Data_new!$C$2:$C$2639,80,Data_new!$Q$2:$Q$2639,TRUE) | P79: =_xlfn.MAXIFS(Data_new!$D$2:$D$2639,Data_new!$A$2:$A$2639,3.2,Data_new!$B$2:$B$2639,VALUE(MID($L$78,2,FIND(",",$L$78)-2)),Data_new!$C$2:$C$2639,80,Data_new!$Q$2:$Q$2639,TRUE) | Q79: nan | R79: nan | S79: =_xlfn.MINIFS(Data_new!$I$2:$I$2639,Data_new!$A$2:$A$2639,3.2,Data_new!$B$2:$B$2639,VALUE(MID($L$78,2,FIND(",",$L$78)-2)),Data_new!$C$2:$C$2639,80,Data_new!$Q$2:$Q$2639,TRUE) | T79: =_xlfn.MAXIFS(Data_new!$I$2:$I$2639,Data_new!$A$2:$A$2639,3.2,Data_new!$B$2:$B$2639,VALUE(MID($L$78,2,FIND(",",$L$78)-2)),Data_new!$C$2:$C$2639,80,Data_new!$Q$2:$Q$2639,TRUE) | X79: real_on_ms | Y79: =_xlfn.MINIFS(Data_new!$D$2:$D$2639,Data_new!$A$2:$A$2639,3.2,Data_new!$B$2:$B$2639,VALUE(MID($V$78,2,FIND(",",$V$78)-2)),Data_new!$C$2:$C$2639,60,Data_new!$Q$2:$Q$2639,TRUE) | Z79: =_xlfn.MAXIFS(Data_new!$D$2:$D$2639,Data_new!$A$2:$A$2639,3.2,Data_new!$B$2:$B$2639,VALUE(MID($V$78,2,FIND(",",$V$78)-2)),Data_new!$C$2:$C$2639,60,Data_new!$Q$2:$Q$2639,TRUE) | AA79: nan | AB79: nan | AC79: =_xlfn.MINIFS(Data_new!$I$2:$I$2639,Data_new!$A$2:$A$2639,3.2,Data_new!$B$2:$B$2639,VALUE(MID($V$78,2,FIND(",",$V$78)-2)),Data_new!$C$2:$C$2639,60,Data_new!$Q$2:$Q$2639,TRUE) | AD79: =_xlfn.MAXIFS(Data_new!$I$2:$I$2639,Data_new!$A$2:$A$2639,3.2,Data_new!$B$2:$B$2639,VALUE(MID($V$78,2,FIND(",",$V$78)-2)),Data_new!$C$2:$C$2639,60,Data_new!$Q$2:$Q$2639,TRUE)
B81: %10, 3.2V, %100 | D81: on_ms | E81: =_xlfn.MINIFS(Data_new!$D$2:$D$2639,Data_new!$A$2:$A$2639,3.2,Data_new!$B$2:$B$2639,VALUE(MID($B$81,2,FIND(",",$B$81)-2)),Data_new!$C$2:$C$2639,100,Data_new!$P$2:$P$2639,TRUE) | F81: =_xlfn.MAXIFS(Data_new!$D$2:$D$2639,Data_new!$A$2:$A$2639,3.2,Data_new!$B$2:$B$2639,VALUE(MID($B$81,2,FIND(",",$B$81)-2)),Data_new!$C$2:$C$2639,100,Data_new!$P$2:$P$2639,TRUE) | G81: =_xlfn.MINIFS(Data_new!$H$2:$H$2639,Data_new!$A$2:$A$2639,3.2,Data_new!$B$2:$B$2639,VALUE(MID($B$81,2,FIND(",",$B$81)-2)),Data_new!$C$2:$C$2639,100,Data_new!$P$2:$P$2639,TRUE) | H81: =_xlfn.MAXIFS(Data_new!$H$2:$H$2639,Data_new!$A$2:$A$2639,3.2,Data_new!$B$2:$B$2639,VALUE(MID($B$81,2,FIND(",",$B$81)-2)),Data_new!$C$2:$C$2639,100,Data_new!$P$2:$P$2639,TRUE) | I81: nan | J81: nan | L81: %10, 3.2V, %80 | N81: on_ms | O81: =_xlfn.MINIFS(Data_new!$D$2:$D$2639,Data_new!$A$2:$A$2639,3.2,Data_new!$B$2:$B$2639,VALUE(MID($L$81,2,FIND(",",$L$81)-2)),Data_new!$C$2:$C$2639,80,Data_new!$P$2:$P$2639,TRUE) | P81: =_xlfn.MAXIFS(Data_new!$D$2:$D$2639,Data_new!$A$2:$A$2639,3.2,Data_new!$B$2:$B$2639,VALUE(MID($L$81,2,FIND(",",$L$81)-2)),Data_new!$C$2:$C$2639,80,Data_new!$P$2:$P$2639,TRUE) | Q81: =_xlfn.MINIFS(Data_new!$H$2:$H$2639,Data_new!$A$2:$A$2639,3.2,Data_new!$B$2:$B$2639,VALUE(MID($L$81,2,FIND(",",$L$81)-2)),Data_new!$C$2:$C$2639,80,Data_new!$P$2:$P$2639,TRUE) | R81: =_xlfn.MAXIFS(Data_new!$H$2:$H$2639,Data_new!$A$2:$A$2639,3.2,Data_new!$B$2:$B$2639,VALUE(MID($L$81,2,FIND(",",$L$81)-2)),Data_new!$C$2:$C$2639,80,Data_new!$P$2:$P$2639,TRUE) | S81: nan | T81: nan | V81: %10, 3.2V, %60 | X81: on_ms | Y81: =_xlfn.MINIFS(Data_new!$D$2:$D$2639,Data_new!$A$2:$A$2639,3.2,Data_new!$B$2:$B$2639,VALUE(MID($V$81,2,FIND(",",$V$81)-2)),Data_new!$C$2:$C$2639,60,Data_new!$P$2:$P$2639,TRUE) | Z81: =_xlfn.MAXIFS(Data_new!$D$2:$D$2639,Data_new!$A$2:$A$2639,3.2,Data_new!$B$2:$B$2639,VALUE(MID($V$81,2,FIND(",",$V$81)-2)),Data_new!$C$2:$C$2639,60,Data_new!$P$2:$P$2639,TRUE) | AA81: =_xlfn.MINIFS(Data_new!$H$2:$H$2639,Data_new!$A$2:$A$2639,3.2,Data_new!$B$2:$B$2639,VALUE(MID($V$81,2,FIND(",",$V$81)-2)),Data_new!$C$2:$C$2639,60,Data_new!$P$2:$P$2639,TRUE) | AB81: =_xlfn.MAXIFS(Data_new!$H$2:$H$2639,Data_new!$A$2:$A$2639,3.2,Data_new!$B$2:$B$2639,VALUE(MID($V$81,2,FIND(",",$V$81)-2)),Data_new!$C$2:$C$2639,60,Data_new!$P$2:$P$2639,TRUE) | AC81: nan | AD81: nan
D82: real_on_ms | E82: =_xlfn.MINIFS(Data_new!$D$2:$D$2639,Data_new!$A$2:$A$2639,3.2,Data_new!$B$2:$B$2639,VALUE(MID($B$81,2,FIND(",",$B$81)-2)),Data_new!$C$2:$C$2639,100,Data_new!$Q$2:$Q$2639,TRUE) | F82: =_xlfn.MAXIFS(Data_new!$D$2:$D$2639,Data_new!$A$2:$A$2639,3.2,Data_new!$B$2:$B$2639,VALUE(MID($B$81,2,FIND(",",$B$81)-2)),Data_new!$C$2:$C$2639,100,Data_new!$Q$2:$Q$2639,TRUE) | G82: nan | H82: nan | I82: =_xlfn.MINIFS(Data_new!$I$2:$I$2639,Data_new!$A$2:$A$2639,3.2,Data_new!$B$2:$B$2639,VALUE(MID($B$81,2,FIND(",",$B$81)-2)),Data_new!$C$2:$C$2639,100,Data_new!$Q$2:$Q$2639,TRUE) | J82: =_xlfn.MAXIFS(Data_new!$I$2:$I$2639,Data_new!$A$2:$A$2639,3.2,Data_new!$B$2:$B$2639,VALUE(MID($B$81,2,FIND(",",$B$81)-2)),Data_new!$C$2:$C$2639,100,Data_new!$Q$2:$Q$2639,TRUE) | N82: real_on_ms | O82: =_xlfn.MINIFS(Data_new!$D$2:$D$2639,Data_new!$A$2:$A$2639,3.2,Data_new!$B$2:$B$2639,VALUE(MID($L$81,2,FIND(",",$L$81)-2)),Data_new!$C$2:$C$2639,80,Data_new!$Q$2:$Q$2639,TRUE) | P82: =_xlfn.MAXIFS(Data_new!$D$2:$D$2639,Data_new!$A$2:$A$2639,3.2,Data_new!$B$2:$B$2639,VALUE(MID($L$81,2,FIND(",",$L$81)-2)),Data_new!$C$2:$C$2639,80,Data_new!$Q$2:$Q$2639,TRUE) | Q82: nan | R82: nan | S82: =_xlfn.MINIFS(Data_new!$I$2:$I$2639,Data_new!$A$2:$A$2639,3.2,Data_new!$B$2:$B$2639,VALUE(MID($L$81,2,FIND(",",$L$81)-2)),Data_new!$C$2:$C$2639,80,Data_new!$Q$2:$Q$2639,TRUE) | T82: =_xlfn.MAXIFS(Data_new!$I$2:$I$2639,Data_new!$A$2:$A$2639,3.2,Data_new!$B$2:$B$2639,VALUE(MID($L$81,2,FIND(",",$L$81)-2)),Data_new!$C$2:$C$2639,80,Data_new!$Q$2:$Q$2639,TRUE) | X82: real_on_ms | Y82: =_xlfn.MINIFS(Data_new!$D$2:$D$2639,Data_new!$A$2:$A$2639,3.2,Data_new!$B$2:$B$2639,VALUE(MID($V$81,2,FIND(",",$V$81)-2)),Data_new!$C$2:$C$2639,60,Data_new!$Q$2:$Q$2639,TRUE) | Z82: =_xlfn.MAXIFS(Data_new!$D$2:$D$2639,Data_new!$A$2:$A$2639,3.2,Data_new!$B$2:$B$2639,VALUE(MID($V$81,2,FIND(",",$V$81)-2)),Data_new!$C$2:$C$2639,60,Data_new!$Q$2:$Q$2639,TRUE) | AA82: nan | AB82: nan | AC82: =_xlfn.MINIFS(Data_new!$I$2:$I$2639,Data_new!$A$2:$A$2639,3.2,Data_new!$B$2:$B$2639,VALUE(MID($V$81,2,FIND(",",$V$81)-2)),Data_new!$C$2:$C$2639,60,Data_new!$Q$2:$Q$2639,TRUE) | AD82: =_xlfn.MAXIFS(Data_new!$I$2:$I$2639,Data_new!$A$2:$A$2639,3.2,Data_new!$B$2:$B$2639,VALUE(MID($V$81,2,FIND(",",$V$81)-2)),Data_new!$C$2:$C$2639,60,Data_new!$Q$2:$Q$2639,TRUE)
B84: %15, 3.2V, %100 | D84: on_ms | E84: =_xlfn.MINIFS(Data_new!$D$2:$D$2639,Data_new!$A$2:$A$2639,3.2,Data_new!$B$2:$B$2639,VALUE(MID($B$84,2,FIND(",",$B$84)-2)),Data_new!$C$2:$C$2639,100,Data_new!$P$2:$P$2639,TRUE) | F84: =_xlfn.MAXIFS(Data_new!$D$2:$D$2639,Data_new!$A$2:$A$2639,3.2,Data_new!$B$2:$B$2639,VALUE(MID($B$84,2,FIND(",",$B$84)-2)),Data_new!$C$2:$C$2639,100,Data_new!$P$2:$P$2639,TRUE) | G84: =_xlfn.MINIFS(Data_new!$H$2:$H$2639,Data_new!$A$2:$A$2639,3.2,Data_new!$B$2:$B$2639,VALUE(MID($B$84,2,FIND(",",$B$84)-2)),Data_new!$C$2:$C$2639,100,Data_new!$P$2:$P$2639,TRUE) | H84: =_xlfn.MAXIFS(Data_new!$H$2:$H$2639,Data_new!$A$2:$A$2639,3.2,Data_new!$B$2:$B$2639,VALUE(MID($B$84,2,FIND(",",$B$84)-2)),Data_new!$C$2:$C$2639,100,Data_new!$P$2:$P$2639,TRUE) | I84: nan | J84: nan | L84: %15, 3.2V, %80 | N84: on_ms | O84: =_xlfn.MINIFS(Data_new!$D$2:$D$2639,Data_new!$A$2:$A$2639,3.2,Data_new!$B$2:$B$2639,VALUE(MID($L$84,2,FIND(",",$L$84)-2)),Data_new!$C$2:$C$2639,80,Data_new!$P$2:$P$2639,TRUE) | P84: =_xlfn.MAXIFS(Data_new!$D$2:$D$2639,Data_new!$A$2:$A$2639,3.2,Data_new!$B$2:$B$2639,VALUE(MID($L$84,2,FIND(",",$L$84)-2)),Data_new!$C$2:$C$2639,80,Data_new!$P$2:$P$2639,TRUE) | Q84: =_xlfn.MINIFS(Data_new!$H$2:$H$2639,Data_new!$A$2:$A$2639,3.2,Data_new!$B$2:$B$2639,VALUE(MID($L$84,2,FIND(",",$L$84)-2)),Data_new!$C$2:$C$2639,80,Data_new!$P$2:$P$2639,TRUE) | R84: =_xlfn.MAXIFS(Data_new!$H$2:$H$2639,Data_new!$A$2:$A$2639,3.2,Data_new!$B$2:$B$2639,VALUE(MID($L$84,2,FIND(",",$L$84)-2)),Data_new!$C$2:$C$2639,80,Data_new!$P$2:$P$2639,TRUE) | S84: nan | T84: nan | V84: %15, 3.2V, %60 | X84: on_ms | Y84: =_xlfn.MINIFS(Data_new!$D$2:$D$2639,Data_new!$A$2:$A$2639,3.2,Data_new!$B$2:$B$2639,VALUE(MID($V$84,2,FIND(",",$V$84)-2)),Data_new!$C$2:$C$2639,60,Data_new!$P$2:$P$2639,TRUE) | Z84: =_xlfn.MAXIFS(Data_new!$D$2:$D$2639,Data_new!$A$2:$A$2639,3.2,Data_new!$B$2:$B$2639,VALUE(MID($V$84,2,FIND(",",$V$84)-2)),Data_new!$C$2:$C$2639,60,Data_new!$P$2:$P$2639,TRUE) | AA84: =_xlfn.MINIFS(Data_new!$H$2:$H$2639,Data_new!$A$2:$A$2639,3.2,Data_new!$B$2:$B$2639,VALUE(MID($V$84,2,FIND(",",$V$84)-2)),Data_new!$C$2:$C$2639,60,Data_new!$P$2:$P$2639,TRUE) | AB84: =_xlfn.MAXIFS(Data_new!$H$2:$H$2639,Data_new!$A$2:$A$2639,3.2,Data_new!$B$2:$B$2639,VALUE(MID($V$84,2,FIND(",",$V$84)-2)),Data_new!$C$2:$C$2639,60,Data_new!$P$2:$P$2639,TRUE) | AC84: nan | AD84: nan
D85: real_on_ms | E85: =_xlfn.MINIFS(Data_new!$D$2:$D$2639,Data_new!$A$2:$A$2639,3.2,Data_new!$B$2:$B$2639,VALUE(MID($B$84,2,FIND(",",$B$84)-2)),Data_new!$C$2:$C$2639,100,Data_new!$Q$2:$Q$2639,TRUE) | F85: =_xlfn.MAXIFS(Data_new!$D$2:$D$2639,Data_new!$A$2:$A$2639,3.2,Data_new!$B$2:$B$2639,VALUE(MID($B$84,2,FIND(",",$B$84)-2)),Data_new!$C$2:$C$2639,100,Data_new!$Q$2:$Q$2639,TRUE) | G85: nan | H85: nan | I85: =_xlfn.MINIFS(Data_new!$I$2:$I$2639,Data_new!$A$2:$A$2639,3.2,Data_new!$B$2:$B$2639,VALUE(MID($B$84,2,FIND(",",$B$84)-2)),Data_new!$C$2:$C$2639,100,Data_new!$Q$2:$Q$2639,TRUE) | J85: =_xlfn.MAXIFS(Data_new!$I$2:$I$2639,Data_new!$A$2:$A$2639,3.2,Data_new!$B$2:$B$2639,VALUE(MID($B$84,2,FIND(",",$B$84)-2)),Data_new!$C$2:$C$2639,100,Data_new!$Q$2:$Q$2639,TRUE) | N85: real_on_ms | O85: =_xlfn.MINIFS(Data_new!$D$2:$D$2639,Data_new!$A$2:$A$2639,3.2,Data_new!$B$2:$B$2639,VALUE(MID($L$84,2,FIND(",",$L$84)-2)),Data_new!$C$2:$C$2639,80,Data_new!$Q$2:$Q$2639,TRUE) | P85: =_xlfn.MAXIFS(Data_new!$D$2:$D$2639,Data_new!$A$2:$A$2639,3.2,Data_new!$B$2:$B$2639,VALUE(MID($L$84,2,FIND(",",$L$84)-2)),Data_new!$C$2:$C$2639,80,Data_new!$Q$2:$Q$2639,TRUE) | Q85: nan | R85: nan | S85: =_xlfn.MINIFS(Data_new!$I$2:$I$2639,Data_new!$A$2:$A$2639,3.2,Data_new!$B$2:$B$2639,VALUE(MID($L$84,2,FIND(",",$L$84)-2)),Data_new!$C$2:$C$2639,80,Data_new!$Q$2:$Q$2639,TRUE) | T85: =_xlfn.MAXIFS(Data_new!$I$2:$I$2639,Data_new!$A$2:$A$2639,3.2,Data_new!$B$2:$B$2639,VALUE(MID($L$84,2,FIND(",",$L$84)-2)),Data_new!$C$2:$C$2639,80,Data_new!$Q$2:$Q$2639,TRUE) | X85: real_on_ms | Y85: =_xlfn.MINIFS(Data_new!$D$2:$D$2639,Data_new!$A$2:$A$2639,3.2,Data_new!$B$2:$B$2639,VALUE(MID($V$84,2,FIND(",",$V$84)-2)),Data_new!$C$2:$C$2639,60,Data_new!$Q$2:$Q$2639,TRUE) | Z85: =_xlfn.MAXIFS(Data_new!$D$2:$D$2639,Data_new!$A$2:$A$2639,3.2,Data_new!$B$2:$B$2639,VALUE(MID($V$84,2,FIND(",",$V$84)-2)),Data_new!$C$2:$C$2639,60,Data_new!$Q$2:$Q$2639,TRUE) | AA85: nan | AB85: nan | AC85: =_xlfn.MINIFS(Data_new!$I$2:$I$2639,Data_new!$A$2:$A$2639,3.2,Data_new!$B$2:$B$2639,VALUE(MID($V$84,2,FIND(",",$V$84)-2)),Data_new!$C$2:$C$2639,60,Data_new!$Q$2:$Q$2639,TRUE) | AD85: =_xlfn.MAXIFS(Data_new!$I$2:$I$2639,Data_new!$A$2:$A$2639,3.2,Data_new!$B$2:$B$2639,VALUE(MID($V$84,2,FIND(",",$V$84)-2)),Data_new!$C$2:$C$2639,60,Data_new!$Q$2:$Q$2639,TRUE)
B87: %100, 3.2V, %100 | D87: on_ms | E87: =_xlfn.MINIFS(Data_new!$D$2:$D$2639,Data_new!$A$2:$A$2639,3.2,Data_new!$B$2:$B$2639,VALUE(MID($B$87,2,FIND(",",$B$87)-2)),Data_new!$C$2:$C$2639,100,Data_new!$P$2:$P$2639,TRUE) | F87: =_xlfn.MAXIFS(Data_new!$D$2:$D$2639,Data_new!$A$2:$A$2639,3.2,Data_new!$B$2:$B$2639,VALUE(MID($B$87,2,FIND(",",$B$87)-2)),Data_new!$C$2:$C$2639,100,Data_new!$P$2:$P$2639,TRUE) | G87: =_xlfn.MINIFS(Data_new!$H$2:$H$2639,Data_new!$A$2:$A$2639,3.2,Data_new!$B$2:$B$2639,VALUE(MID($B$87,2,FIND(",",$B$87)-2)),Data_new!$C$2:$C$2639,100,Data_new!$P$2:$P$2639,TRUE) | H87: =_xlfn.MAXIFS(Data_new!$H$2:$H$2639,Data_new!$A$2:$A$2639,3.2,Data_new!$B$2:$B$2639,VALUE(MID($B$87,2,FIND(",",$B$87)-2)),Data_new!$C$2:$C$2639,100,Data_new!$P$2:$P$2639,TRUE) | I87: nan | J87: nan | L87: %100, 3.2V, %80 | N87: on_ms | O87: =_xlfn.MINIFS(Data_new!$D$2:$D$2639,Data_new!$A$2:$A$2639,3.2,Data_new!$B$2:$B$2639,VALUE(MID($L$87,2,FIND(",",$L$87)-2)),Data_new!$C$2:$C$2639,80,Data_new!$P$2:$P$2639,TRUE) | P87: =_xlfn.MAXIFS(Data_new!$D$2:$D$2639,Data_new!$A$2:$A$2639,3.2,Data_new!$B$2:$B$2639,VALUE(MID($L$87,2,FIND(",",$L$87)-2)),Data_new!$C$2:$C$2639,80,Data_new!$P$2:$P$2639,TRUE) | Q87: =_xlfn.MINIFS(Data_new!$H$2:$H$2639,Data_new!$A$2:$A$2639,3.2,Data_new!$B$2:$B$2639,VALUE(MID($L$87,2,FIND(",",$L$87)-2)),Data_new!$C$2:$C$2639,80,Data_new!$P$2:$P$2639,TRUE) | R87: =_xlfn.MAXIFS(Data_new!$H$2:$H$2639,Data_new!$A$2:$A$2639,3.2,Data_new!$B$2:$B$2639,VALUE(MID($L$87,2,FIND(",",$L$87)-2)),Data_new!$C$2:$C$2639,80,Data_new!$P$2:$P$2639,TRUE) | S87: nan | T87: nan | V87: %100, 3.2V, %60 | X87: on_ms | Y87: =_xlfn.MINIFS(Data_new!$D$2:$D$2639,Data_new!$A$2:$A$2639,3.2,Data_new!$B$2:$B$2639,VALUE(MID($V$87,2,FIND(",",$V$87)-2)),Data_new!$C$2:$C$2639,60,Data_new!$P$2:$P$2639,TRUE) | Z87: =_xlfn.MAXIFS(Data_new!$D$2:$D$2639,Data_new!$A$2:$A$2639,3.2,Data_new!$B$2:$B$2639,VALUE(MID($V$87,2,FIND(",",$V$87)-2)),Data_new!$C$2:$C$2639,60,Data_new!$P$2:$P$2639,TRUE) | AA87: =_xlfn.MINIFS(Data_new!$H$2:$H$2639,Data_new!$A$2:$A$2639,3.2,Data_new!$B$2:$B$2639,VALUE(MID($V$87,2,FIND(",",$V$87)-2)),Data_new!$C$2:$C$2639,60,Data_new!$P$2:$P$2639,TRUE) | AB87: =_xlfn.MAXIFS(Data_new!$H$2:$H$2639,Data_new!$A$2:$A$2639,3.2,Data_new!$B$2:$B$2639,VALUE(MID($V$87,2,FIND(",",$V$87)-2)),Data_new!$C$2:$C$2639,60,Data_new!$P$2:$P$2639,TRUE) | AC87: nan | AD87: nan
D88: real_on_ms | E88: =_xlfn.MINIFS(Data_new!$D$2:$D$2639,Data_new!$A$2:$A$2639,3.2,Data_new!$B$2:$B$2639,VALUE(MID($B$87,2,FIND(",",$B$87)-2)),Data_new!$C$2:$C$2639,100,Data_new!$Q$2:$Q$2639,TRUE) | F88: =_xlfn.MAXIFS(Data_new!$D$2:$D$2639,Data_new!$A$2:$A$2639,3.2,Data_new!$B$2:$B$2639,VALUE(MID($B$87,2,FIND(",",$B$87)-2)),Data_new!$C$2:$C$2639,100,Data_new!$Q$2:$Q$2639,TRUE) | G88: nan | H88: nan | I88: =_xlfn.MINIFS(Data_new!$I$2:$I$2639,Data_new!$A$2:$A$2639,3.2,Data_new!$B$2:$B$2639,VALUE(MID($B$87,2,FIND(",",$B$87)-2)),Data_new!$C$2:$C$2639,100,Data_new!$Q$2:$Q$2639,TRUE) | J88: =_xlfn.MAXIFS(Data_new!$I$2:$I$2639,Data_new!$A$2:$A$2639,3.2,Data_new!$B$2:$B$2639,VALUE(MID($B$87,2,FIND(",",$B$87)-2)),Data_new!$C$2:$C$2639,100,Data_new!$Q$2:$Q$2639,TRUE) | N88: real_on_ms | O88: =_xlfn.MINIFS(Data_new!$D$2:$D$2639,Data_new!$A$2:$A$2639,3.2,Data_new!$B$2:$B$2639,VALUE(MID($L$87,2,FIND(",",$L$87)-2)),Data_new!$C$2:$C$2639,80,Data_new!$Q$2:$Q$2639,TRUE) | P88: =_xlfn.MAXIFS(Data_new!$D$2:$D$2639,Data_new!$A$2:$A$2639,3.2,Data_new!$B$2:$B$2639,VALUE(MID($L$87,2,FIND(",",$L$87)-2)),Data_new!$C$2:$C$2639,80,Data_new!$Q$2:$Q$2639,TRUE) | Q88: nan | R88: nan | S88: =_xlfn.MINIFS(Data_new!$I$2:$I$2639,Data_new!$A$2:$A$2639,3.2,Data_new!$B$2:$B$2639,VALUE(MID($L$87,2,FIND(",",$L$87)-2)),Data_new!$C$2:$C$2639,80,Data_new!$Q$2:$Q$2639,TRUE) | T88: =_xlfn.MAXIFS(Data_new!$I$2:$I$2639,Data_new!$A$2:$A$2639,3.2,Data_new!$B$2:$B$2639,VALUE(MID($L$87,2,FIND(",",$L$87)-2)),Data_new!$C$2:$C$2639,80,Data_new!$Q$2:$Q$2639,TRUE) | X88: real_on_ms | Y88: =_xlfn.MINIFS(Data_new!$D$2:$D$2639,Data_new!$A$2:$A$2639,3.2,Data_new!$B$2:$B$2639,VALUE(MID($V$87,2,FIND(",",$V$87)-2)),Data_new!$C$2:$C$2639,60,Data_new!$Q$2:$Q$2639,TRUE) | Z88: =_xlfn.MAXIFS(Data_new!$D$2:$D$2639,Data_new!$A$2:$A$2639,3.2,Data_new!$B$2:$B$2639,VALUE(MID($V$87,2,FIND(",",$V$87)-2)),Data_new!$C$2:$C$2639,60,Data_new!$Q$2:$Q$2639,TRUE) | AA88: nan | AB88: nan | AC88: =_xlfn.MINIFS(Data_new!$I$2:$I$2639,Data_new!$A$2:$A$2639,3.2,Data_new!$B$2:$B$2639,VALUE(MID($V$87,2,FIND(",",$V$87)-2)),Data_new!$C$2:$C$2639,60,Data_new!$Q$2:$Q$2639,TRUE) | AD88: =_xlfn.MAXIFS(Data_new!$I$2:$I$2639,Data_new!$A$2:$A$2639,3.2,Data_new!$B$2:$B$2639,VALUE(MID($V$87,2,FIND(",",$V$87)-2)),Data_new!$C$2:$C$2639,60,Data_new!$Q$2:$Q$2639,TRUE)
E94: min_kick_ms | F94: max_kick_ms | G94: min_on_ms | H94: max_on_ms | I94: min_real_on_ms | J94: max_real_on_ms | O94: min_kick_ms | P94: max_kick_ms | Q94: min_on_ms | R94: max_on_ms | S94: min_real_on_ms | T94: max_real_on_ms | Y94: min_kick_ms | Z94: max_kick_ms | AA94: min_on_ms | AB94: max_on_ms | AC94: min_real_on_ms | AD94: max_real_on_ms
B95: %6, 3V, %100 | D95: on_ms | E95: =_xlfn.MINIFS(Data_new!$D$2:$D$2639,Data_new!$A$2:$A$2639,3,Data_new!$B$2:$B$2639,VALUE(MID($B$95,2,FIND(",",$B$95)-2)),Data_new!$C$2:$C$2639,100,Data_new!$P$2:$P$2639,TRUE) | F95: =_xlfn.MAXIFS(Data_new!$D$2:$D$2639,Data_new!$A$2:$A$2639,3,Data_new!$B$2:$B$2639,VALUE(MID($B$95,2,FIND(",",$B$95)-2)),Data_new!$C$2:$C$2639,100,Data_new!$P$2:$P$2639,TRUE) | G95: =_xlfn.MINIFS(Data_new!$H$2:$H$2639,Data_new!$A$2:$A$2639,3,Data_new!$B$2:$B$2639,VALUE(MID($B$95,2,FIND(",",$B$95)-2)),Data_new!$C$2:$C$2639,100,Data_new!$P$2:$P$2639,TRUE) | H95: =_xlfn.MAXIFS(Data_new!$H$2:$H$2639,Data_new!$A$2:$A$2639,3,Data_new!$B$2:$B$2639,VALUE(MID($B$95,2,FIND(",",$B$95)-2)),Data_new!$C$2:$C$2639,100,Data_new!$P$2:$P$2639,TRUE) | I95: nan | J95: nan | L95: %6, 3V, %80 | N95: on_ms | O95: =_xlfn.MINIFS(Data_new!$D$2:$D$2639,Data_new!$A$2:$A$2639,3,Data_new!$B$2:$B$2639,VALUE(MID($L$95,2,FIND(",",$L$95)-2)),Data_new!$C$2:$C$2639,80,Data_new!$P$2:$P$2639,TRUE) | P95: =_xlfn.MAXIFS(Data_new!$D$2:$D$2639,Data_new!$A$2:$A$2639,3,Data_new!$B$2:$B$2639,VALUE(MID($L$95,2,FIND(",",$L$95)-2)),Data_new!$C$2:$C$2639,80,Data_new!$P$2:$P$2639,TRUE) | Q95: =_xlfn.MINIFS(Data_new!$H$2:$H$2639,Data_new!$A$2:$A$2639,3,Data_new!$B$2:$B$2639,VALUE(MID($L$95,2,FIND(",",$L$95)-2)),Data_new!$C$2:$C$2639,80,Data_new!$P$2:$P$2639,TRUE) | R95: =_xlfn.MAXIFS(Data_new!$H$2:$H$2639,Data_new!$A$2:$A$2639,3,Data_new!$B$2:$B$2639,VALUE(MID($L$95,2,FIND(",",$L$95)-2)),Data_new!$C$2:$C$2639,80,Data_new!$P$2:$P$2639,TRUE) | S95: nan | T95: nan | V95: %6, 3V, %60 | X95: on_ms | Y95: =_xlfn.MINIFS(Data_new!$D$2:$D$2639,Data_new!$A$2:$A$2639,3,Data_new!$B$2:$B$2639,VALUE(MID($V$95,2,FIND(",",$V$95)-2)),Data_new!$C$2:$C$2639,60,Data_new!$P$2:$P$2639,TRUE) | Z95: =_xlfn.MAXIFS(Data_new!$D$2:$D$2639,Data_new!$A$2:$A$2639,3,Data_new!$B$2:$B$2639,VALUE(MID($V$95,2,FIND(",",$V$95)-2)),Data_new!$C$2:$C$2639,60,Data_new!$P$2:$P$2639,TRUE) | AA95: =_xlfn.MINIFS(Data_new!$H$2:$H$2639,Data_new!$A$2:$A$2639,3,Data_new!$B$2:$B$2639,VALUE(MID($V$95,2,FIND(",",$V$95)-2)),Data_new!$C$2:$C$2639,60,Data_new!$P$2:$P$2639,TRUE) | AB95: =_xlfn.MAXIFS(Data_new!$H$2:$H$2639,Data_new!$A$2:$A$2639,3,Data_new!$B$2:$B$2639,VALUE(MID($V$95,2,FIND(",",$V$95)-2)),Data_new!$C$2:$C$2639,60,Data_new!$P$2:$P$2639,TRUE) | AC95: nan | AD95: nan
D96: real_on_ms | E96: =_xlfn.MINIFS(Data_new!$D$2:$D$2639,Data_new!$A$2:$A$2639,3,Data_new!$B$2:$B$2639,VALUE(MID($B$95,2,FIND(",",$B$95)-2)),Data_new!$C$2:$C$2639,100,Data_new!$Q$2:$Q$2639,TRUE) | F96: =_xlfn.MAXIFS(Data_new!$D$2:$D$2639,Data_new!$A$2:$A$2639,3,Data_new!$B$2:$B$2639,VALUE(MID($B$95,2,FIND(",",$B$95)-2)),Data_new!$C$2:$C$2639,100,Data_new!$Q$2:$Q$2639,TRUE) | G96: nan | H96: nan | I96: =_xlfn.MINIFS(Data_new!$I$2:$I$2639,Data_new!$A$2:$A$2639,3,Data_new!$B$2:$B$2639,VALUE(MID($B$95,2,FIND(",",$B$95)-2)),Data_new!$C$2:$C$2639,100,Data_new!$Q$2:$Q$2639,TRUE) | J96: =_xlfn.MAXIFS(Data_new!$I$2:$I$2639,Data_new!$A$2:$A$2639,3,Data_new!$B$2:$B$2639,VALUE(MID($B$95,2,FIND(",",$B$95)-2)),Data_new!$C$2:$C$2639,100,Data_new!$Q$2:$Q$2639,TRUE) | N96: real_on_ms | O96: =_xlfn.MINIFS(Data_new!$D$2:$D$2639,Data_new!$A$2:$A$2639,3,Data_new!$B$2:$B$2639,VALUE(MID($L$95,2,FIND(",",$L$95)-2)),Data_new!$C$2:$C$2639,80,Data_new!$Q$2:$Q$2639,TRUE) | P96: =_xlfn.MAXIFS(Data_new!$D$2:$D$2639,Data_new!$A$2:$A$2639,3,Data_new!$B$2:$B$2639,VALUE(MID($L$95,2,FIND(",",$L$95)-2)),Data_new!$C$2:$C$2639,80,Data_new!$Q$2:$Q$2639,TRUE) | Q96: nan | R96: nan | S96: =_xlfn.MINIFS(Data_new!$I$2:$I$2639,Data_new!$A$2:$A$2639,3,Data_new!$B$2:$B$2639,VALUE(MID($L$95,2,FIND(",",$L$95)-2)),Data_new!$C$2:$C$2639,80,Data_new!$Q$2:$Q$2639,TRUE) | T96: =_xlfn.MAXIFS(Data_new!$I$2:$I$2639,Data_new!$A$2:$A$2639,3,Data_new!$B$2:$B$2639,VALUE(MID($L$95,2,FIND(",",$L$95)-2)),Data_new!$C$2:$C$2639,80,Data_new!$Q$2:$Q$2639,TRUE) | X96: real_on_ms | Y96: =_xlfn.MINIFS(Data_new!$D$2:$D$2639,Data_new!$A$2:$A$2639,3,Data_new!$B$2:$B$2639,VALUE(MID($V$95,2,FIND(",",$V$95)-2)),Data_new!$C$2:$C$2639,60,Data_new!$Q$2:$Q$2639,TRUE) | Z96: =_xlfn.MAXIFS(Data_new!$D$2:$D$2639,Data_new!$A$2:$A$2639,3,Data_new!$B$2:$B$2639,VALUE(MID($V$95,2,FIND(",",$V$95)-2)),Data_new!$C$2:$C$2639,60,Data_new!$Q$2:$Q$2639,TRUE) | AA96: nan | AB96: nan | AC96: =_xlfn.MINIFS(Data_new!$I$2:$I$2639,Data_new!$A$2:$A$2639,3,Data_new!$B$2:$B$2639,VALUE(MID($V$95,2,FIND(",",$V$95)-2)),Data_new!$C$2:$C$2639,60,Data_new!$Q$2:$Q$2639,TRUE) | AD96: =_xlfn.MAXIFS(Data_new!$I$2:$I$2639,Data_new!$A$2:$A$2639,3,Data_new!$B$2:$B$2639,VALUE(MID($V$95,2,FIND(",",$V$95)-2)),Data_new!$C$2:$C$2639,60,Data_new!$Q$2:$Q$2639,TRUE)
B98: %7, 3V, %100 | D98: on_ms | E98: =_xlfn.MINIFS(Data_new!$D$2:$D$2639,Data_new!$A$2:$A$2639,3,Data_new!$B$2:$B$2639,VALUE(MID($B$98,2,FIND(",",$B$98)-2)),Data_new!$C$2:$C$2639,100,Data_new!$P$2:$P$2639,TRUE) | F98: =_xlfn.MAXIFS(Data_new!$D$2:$D$2639,Data_new!$A$2:$A$2639,3,Data_new!$B$2:$B$2639,VALUE(MID($B$98,2,FIND(",",$B$98)-2)),Data_new!$C$2:$C$2639,100,Data_new!$P$2:$P$2639,TRUE) | G98: =_xlfn.MINIFS(Data_new!$H$2:$H$2639,Data_new!$A$2:$A$2639,3,Data_new!$B$2:$B$2639,VALUE(MID($B$98,2,FIND(",",$B$98)-2)),Data_new!$C$2:$C$2639,100,Data_new!$P$2:$P$2639,TRUE) | H98: =_xlfn.MAXIFS(Data_new!$H$2:$H$2639,Data_new!$A$2:$A$2639,3,Data_new!$B$2:$B$2639,VALUE(MID($B$98,2,FIND(",",$B$98)-2)),Data_new!$C$2:$C$2639,100,Data_new!$P$2:$P$2639,TRUE) | I98: nan | J98: nan | L98: %7, 3V, %80 | N98: on_ms | O98: =_xlfn.MINIFS(Data_new!$D$2:$D$2639,Data_new!$A$2:$A$2639,3,Data_new!$B$2:$B$2639,VALUE(MID($L$98,2,FIND(",",$L$98)-2)),Data_new!$C$2:$C$2639,80,Data_new!$P$2:$P$2639,TRUE) | P98: =_xlfn.MAXIFS(Data_new!$D$2:$D$2639,Data_new!$A$2:$A$2639,3,Data_new!$B$2:$B$2639,VALUE(MID($L$98,2,FIND(",",$L$98)-2)),Data_new!$C$2:$C$2639,80,Data_new!$P$2:$P$2639,TRUE) | Q98: =_xlfn.MINIFS(Data_new!$H$2:$H$2639,Data_new!$A$2:$A$2639,3,Data_new!$B$2:$B$2639,VALUE(MID($L$98,2,FIND(",",$L$98)-2)),Data_new!$C$2:$C$2639,80,Data_new!$P$2:$P$2639,TRUE) | R98: =_xlfn.MAXIFS(Data_new!$H$2:$H$2639,Data_new!$A$2:$A$2639,3,Data_new!$B$2:$B$2639,VALUE(MID($L$98,2,FIND(",",$L$98)-2)),Data_new!$C$2:$C$2639,80,Data_new!$P$2:$P$2639,TRUE) | S98: nan | T98: nan | V98: %7, 3V, %60 | X98: on_ms | Y98: =_xlfn.MINIFS(Data_new!$D$2:$D$2639,Data_new!$A$2:$A$2639,3,Data_new!$B$2:$B$2639,VALUE(MID($V$98,2,FIND(",",$V$98)-2)),Data_new!$C$2:$C$2639,60,Data_new!$P$2:$P$2639,TRUE) | Z98: =_xlfn.MAXIFS(Data_new!$D$2:$D$2639,Data_new!$A$2:$A$2639,3,Data_new!$B$2:$B$2639,VALUE(MID($V$98,2,FIND(",",$V$98)-2)),Data_new!$C$2:$C$2639,60,Data_new!$P$2:$P$2639,TRUE) | AA98: =_xlfn.MINIFS(Data_new!$H$2:$H$2639,Data_new!$A$2:$A$2639,3,Data_new!$B$2:$B$2639,VALUE(MID($V$98,2,FIND(",",$V$98)-2)),Data_new!$C$2:$C$2639,60,Data_new!$P$2:$P$2639,TRUE) | AB98: =_xlfn.MAXIFS(Data_new!$H$2:$H$2639,Data_new!$A$2:$A$2639,3,Data_new!$B$2:$B$2639,VALUE(MID($V$98,2,FIND(",",$V$98)-2)),Data_new!$C$2:$C$2639,60,Data_new!$P$2:$P$2639,TRUE) | AC98: nan | AD98: nan
D99: real_on_ms | E99: =_xlfn.MINIFS(Data_new!$D$2:$D$2639,Data_new!$A$2:$A$2639,3,Data_new!$B$2:$B$2639,VALUE(MID($B$98,2,FIND(",",$B$98)-2)),Data_new!$C$2:$C$2639,100,Data_new!$Q$2:$Q$2639,TRUE) | F99: =_xlfn.MAXIFS(Data_new!$D$2:$D$2639,Data_new!$A$2:$A$2639,3,Data_new!$B$2:$B$2639,VALUE(MID($B$98,2,FIND(",",$B$98)-2)),Data_new!$C$2:$C$2639,100,Data_new!$Q$2:$Q$2639,TRUE) | G99: nan | H99: nan | I99: =_xlfn.MINIFS(Data_new!$I$2:$I$2639,Data_new!$A$2:$A$2639,3,Data_new!$B$2:$B$2639,VALUE(MID($B$98,2,FIND(",",$B$98)-2)),Data_new!$C$2:$C$2639,100,Data_new!$Q$2:$Q$2639,TRUE) | J99: =_xlfn.MAXIFS(Data_new!$I$2:$I$2639,Data_new!$A$2:$A$2639,3,Data_new!$B$2:$B$2639,VALUE(MID($B$98,2,FIND(",",$B$98)-2)),Data_new!$C$2:$C$2639,100,Data_new!$Q$2:$Q$2639,TRUE) | N99: real_on_ms | O99: =_xlfn.MINIFS(Data_new!$D$2:$D$2639,Data_new!$A$2:$A$2639,3,Data_new!$B$2:$B$2639,VALUE(MID($L$98,2,FIND(",",$L$98)-2)),Data_new!$C$2:$C$2639,80,Data_new!$Q$2:$Q$2639,TRUE) | P99: =_xlfn.MAXIFS(Data_new!$D$2:$D$2639,Data_new!$A$2:$A$2639,3,Data_new!$B$2:$B$2639,VALUE(MID($L$98,2,FIND(",",$L$98)-2)),Data_new!$C$2:$C$2639,80,Data_new!$Q$2:$Q$2639,TRUE) | Q99: nan | R99: nan | S99: =_xlfn.MINIFS(Data_new!$I$2:$I$2639,Data_new!$A$2:$A$2639,3,Data_new!$B$2:$B$2639,VALUE(MID($L$98,2,FIND(",",$L$98)-2)),Data_new!$C$2:$C$2639,80,Data_new!$Q$2:$Q$2639,TRUE) | T99: =_xlfn.MAXIFS(Data_new!$I$2:$I$2639,Data_new!$A$2:$A$2639,3,Data_new!$B$2:$B$2639,VALUE(MID($L$98,2,FIND(",",$L$98)-2)),Data_new!$C$2:$C$2639,80,Data_new!$Q$2:$Q$2639,TRUE) | X99: real_on_ms | Y99: =_xlfn.MINIFS(Data_new!$D$2:$D$2639,Data_new!$A$2:$A$2639,3,Data_new!$B$2:$B$2639,VALUE(MID($V$98,2,FIND(",",$V$98)-2)),Data_new!$C$2:$C$2639,60,Data_new!$Q$2:$Q$2639,TRUE) | Z99: =_xlfn.MAXIFS(Data_new!$D$2:$D$2639,Data_new!$A$2:$A$2639,3,Data_new!$B$2:$B$2639,VALUE(MID($V$98,2,FIND(",",$V$98)-2)),Data_new!$C$2:$C$2639,60,Data_new!$Q$2:$Q$2639,TRUE) | AA99: nan | AB99: nan | AC99: =_xlfn.MINIFS(Data_new!$I$2:$I$2639,Data_new!$A$2:$A$2639,3,Data_new!$B$2:$B$2639,VALUE(MID($V$98,2,FIND(",",$V$98)-2)),Data_new!$C$2:$C$2639,60,Data_new!$Q$2:$Q$2639,TRUE) | AD99: =_xlfn.MAXIFS(Data_new!$I$2:$I$2639,Data_new!$A$2:$A$2639,3,Data_new!$B$2:$B$2639,VALUE(MID($V$98,2,FIND(",",$V$98)-2)),Data_new!$C$2:$C$2639,60,Data_new!$Q$2:$Q$2639,TRUE)
B101: %8, 3V, %100 | D101: on_ms | E101: =_xlfn.MINIFS(Data_new!$D$2:$D$2639,Data_new!$A$2:$A$2639,3,Data_new!$B$2:$B$2639,VALUE(MID($B$101,2,FIND(",",$B$101)-2)),Data_new!$C$2:$C$2639,100,Data_new!$P$2:$P$2639,TRUE) | F101: =_xlfn.MAXIFS(Data_new!$D$2:$D$2639,Data_new!$A$2:$A$2639,3,Data_new!$B$2:$B$2639,VALUE(MID($B$101,2,FIND(",",$B$101)-2)),Data_new!$C$2:$C$2639,100,Data_new!$P$2:$P$2639,TRUE) | G101: =_xlfn.MINIFS(Data_new!$H$2:$H$2639,Data_new!$A$2:$A$2639,3,Data_new!$B$2:$B$2639,VALUE(MID($B$101,2,FIND(",",$B$101)-2)),Data_new!$C$2:$C$2639,100,Data_new!$P$2:$P$2639,TRUE) | H101: =_xlfn.MAXIFS(Data_new!$H$2:$H$2639,Data_new!$A$2:$A$2639,3,Data_new!$B$2:$B$2639,VALUE(MID($B$101,2,FIND(",",$B$101)-2)),Data_new!$C$2:$C$2639,100,Data_new!$P$2:$P$2639,TRUE) | I101: nan | J101: nan | L101: %8, 3V, %80 | N101: on_ms | O101: =_xlfn.MINIFS(Data_new!$D$2:$D$2639,Data_new!$A$2:$A$2639,3,Data_new!$B$2:$B$2639,VALUE(MID($L$101,2,FIND(",",$L$101)-2)),Data_new!$C$2:$C$2639,80,Data_new!$P$2:$P$2639,TRUE) | P101: =_xlfn.MAXIFS(Data_new!$D$2:$D$2639,Data_new!$A$2:$A$2639,3,Data_new!$B$2:$B$2639,VALUE(MID($L$101,2,FIND(",",$L$101)-2)),Data_new!$C$2:$C$2639,80,Data_new!$P$2:$P$2639,TRUE) | Q101: =_xlfn.MINIFS(Data_new!$H$2:$H$2639,Data_new!$A$2:$A$2639,3,Data_new!$B$2:$B$2639,VALUE(MID($L$101,2,FIND(",",$L$101)-2)),Data_new!$C$2:$C$2639,80,Data_new!$P$2:$P$2639,TRUE) | R101: =_xlfn.MAXIFS(Data_new!$H$2:$H$2639,Data_new!$A$2:$A$2639,3,Data_new!$B$2:$B$2639,VALUE(MID($L$101,2,FIND(",",$L$101)-2)),Data_new!$C$2:$C$2639,80,Data_new!$P$2:$P$2639,TRUE) | S101: nan | T101: nan | V101: %8, 3V, %60 | X101: on_ms | Y101: =_xlfn.MINIFS(Data_new!$D$2:$D$2639,Data_new!$A$2:$A$2639,3,Data_new!$B$2:$B$2639,VALUE(MID($V$101,2,FIND(",",$V$101)-2)),Data_new!$C$2:$C$2639,60,Data_new!$P$2:$P$2639,TRUE) | Z101: =_xlfn.MAXIFS(Data_new!$D$2:$D$2639,Data_new!$A$2:$A$2639,3,Data_new!$B$2:$B$2639,VALUE(MID($V$101,2,FIND(",",$V$101)-2)),Data_new!$C$2:$C$2639,60,Data_new!$P$2:$P$2639,TRUE) | AA101: =_xlfn.MINIFS(Data_new!$H$2:$H$2639,Data_new!$A$2:$A$2639,3,Data_new!$B$2:$B$2639,VALUE(MID($V$101,2,FIND(",",$V$101)-2)),Data_new!$C$2:$C$2639,60,Data_new!$P$2:$P$2639,TRUE) | AB101: =_xlfn.MAXIFS(Data_new!$H$2:$H$2639,Data_new!$A$2:$A$2639,3,Data_new!$B$2:$B$2639,VALUE(MID($V$101,2,FIND(",",$V$101)-2)),Data_new!$C$2:$C$2639,60,Data_new!$P$2:$P$2639,TRUE) | AC101: nan | AD101: nan
